date,time_slot,slot_index,generation_plan_kwh,generation_actual_kwh,load_plan_kwh,load_actual_kwh,storage_plan_kwh,storage_actual_kwh
2026-05-07,00:00,0,4.64,4.64,13.572,13.572,0,0
2026-05-07,00:15,1,3.936,3.936,11.513,11.513,0,0
2026-05-07,00:30,2,4.48,4.48,13.104,13.104,0,0
2026-05-07,00:45,3,2.944,2.944,8.611,8.611,0,0
2026-05-07,01:00,4,4.592,4.592,12.516,12.516,0,0
2026-05-07,01:15,5,4.297,4.297,11.711,11.711,0,0
2026-05-07,01:30,6,4.756,4.756,12.963,12.963,0,0
2026-05-07,01:45,7,2.755,2.755,7.51,7.51,0,0
2026-05-07,02:00,8,4.536,4.536,11.988,11.988,0,0
2026-05-07,02:15,9,3.998,3.998,10.567,10.567,0,0
2026-05-07,02:30,10,4.368,4.368,11.544,11.544,0,0
2026-05-07,02:45,11,3.898,3.898,10.301,10.301,0,0
2026-05-07,03:00,12,4.498,4.498,12.012,12.012,0,0
2026-05-07,03:15,13,4.394,4.394,11.735,11.735,0,0
2026-05-07,03:30,14,4.671,4.671,12.474,12.474,0,0
2026-05-07,03:45,15,3.737,3.737,9.979,9.979,0,0
2026-05-07,04:00,16,4.275,4.275,11.8,11.8,0,0
2026-05-07,04:15,17,4.617,4.617,12.744,12.744,0,0
2026-05-07,04:30,18,4.788,4.788,13.216,13.216,0,0
2026-05-07,04:45,19,3.42,3.42,9.44,9.44,0,0
2026-05-07,05:00,20,3.816,3.816,12.648,12.648,0,0
2026-05-07,05:15,21,3.911,3.911,12.964,12.964,0,0
2026-05-07,05:30,22,4.611,4.611,15.283,15.283,0,0
2026-05-07,05:45,23,3.562,3.562,11.805,11.805,0,0
2026-05-07,06:00,24,11.5,11.5,13.685,13.685,0,0
2026-05-07,06:15,25,13.1,13.1,15.589,15.589,0,0
2026-05-07,06:30,26,13,13,15.47,15.47,0,0
2026-05-07,06:45,27,12.4,12.4,14.756,14.756,0,0
2026-05-07,07:00,28,22.89,22.89,20.22,20.22,0,0
2026-05-07,07:15,29,18.159,18.159,16.041,16.041,0,0
2026-05-07,07:30,30,20.601,20.601,18.198,18.198,0,0
2026-05-07,07:45,31,14.65,14.65,12.941,12.941,0,0
2026-05-07,08:00,32,29.522,29.522,20.242,20.242,0,0
2026-05-07,08:15,33,25.857,25.857,17.729,17.729,0,0
2026-05-07,08:30,34,28.504,28.504,19.544,19.544,0,0
2026-05-07,08:45,35,17.917,17.917,12.285,12.285,0,0
2026-05-07,09:00,36,34.832,34.832,21.728,21.728,0,0
2026-05-07,09:15,37,33.588,33.588,20.952,20.952,0,0
2026-05-07,09:30,38,36.076,36.076,22.504,22.504,0,0
2026-05-07,09:45,39,19.904,19.904,12.416,12.416,0,0
2026-05-07,10:00,40,33.669,33.669,23.544,23.544,0,0
2026-05-07,10:15,41,30.676,30.676,21.451,21.451,0,0
2026-05-07,10:30,42,32.422,32.422,22.672,22.672,0,0
2026-05-07,10:45,43,27.933,27.933,19.533,19.533,0,0
2026-05-07,11:00,44,35.1,35.1,24.284,24.284,4.862,4.862
2026-05-07,11:15,45,35.37,35.37,24.471,24.471,4.899,4.899
2026-05-07,11:30,46,36.45,36.45,25.218,25.218,5.049,5.049
2026-05-07,11:45,47,28.08,28.08,19.427,19.427,3.89,3.89
2026-05-07,12:00,48,34.65,34.65,22.525,22.525,4.925,4.925
2026-05-07,12:15,49,32.987,32.987,21.444,21.444,4.689,4.689
2026-05-07,12:30,50,38.808,38.808,25.228,25.228,5.516,5.516
2026-05-07,12:45,51,32.155,32.155,20.903,20.903,4.57,4.57
2026-05-07,13:00,52,32.376,32.376,22.224,22.224,5.952,5.952
2026-05-07,13:15,53,34.265,34.265,23.52,23.52,6.299,6.299
2026-05-07,13:30,54,39.121,39.121,26.854,26.854,7.192,7.192
2026-05-07,13:45,55,29.138,29.138,20.002,20.002,5.357,5.357
2026-05-07,14:00,56,28.52,28.52,21.39,21.39,6.969,6.969
2026-05-07,14:15,57,33.48,33.48,25.11,25.11,8.181,8.181
2026-05-07,14:30,58,32.24,32.24,24.18,24.18,7.878,7.878
2026-05-07,14:45,59,29.76,29.76,22.32,22.32,7.272,7.272
2026-05-07,15:00,60,28.05,28.05,28.23,28.23,0,0
2026-05-07,15:15,61,23.001,23.001,23.149,23.149,0,0
2026-05-07,15:30,62,25.245,25.245,25.407,25.407,0,0
2026-05-07,15:45,63,17.204,17.204,17.314,17.314,0,0
2026-05-07,16:00,64,21.431,21.431,24.186,24.186,0,0
2026-05-07,16:15,65,19.362,19.362,21.851,21.851,0,0
2026-05-07,16:30,66,20.692,20.692,23.352,23.352,0,0
2026-05-07,16:45,67,12.415,12.415,14.011,14.011,0,0
2026-05-07,17:00,68,14.28,14.28,22.092,22.092,0,0
2026-05-07,17:15,69,12.138,12.138,18.778,18.778,0,0
2026-05-07,17:30,70,14.79,14.79,22.881,22.881,0,0
2026-05-07,17:45,71,9.792,9.792,15.149,15.149,0,0
2026-05-07,18:00,72,4.617,4.617,26.055,26.055,-6.21,-6.21
2026-05-07,18:15,73,4.343,4.343,24.511,24.511,-5.842,-5.842
2026-05-07,18:30,74,4.446,4.446,25.09,25.09,-5.98,-5.98
2026-05-07,18:45,75,3.694,3.694,20.844,20.844,-4.968,-4.968
2026-05-07,19:00,76,4.576,4.576,23.582,23.582,-5.98,-5.98
2026-05-07,19:15,77,4.752,4.752,24.489,24.489,-6.21,-6.21
2026-05-07,19:30,78,4.752,4.752,24.489,24.489,-6.21,-6.21
2026-05-07,19:45,79,3.52,3.52,18.14,18.14,-4.6,-4.6
2026-05-07,20:00,80,4.1,4.1,19.55,19.55,-5.7,-5.7
2026-05-07,20:15,81,4.034,4.034,19.237,19.237,-5.609,-5.609
2026-05-07,20:30,82,4.592,4.592,21.896,21.896,-6.384,-6.384
2026-05-07,20:45,83,3.674,3.674,17.517,17.517,-5.107,-5.107
2026-05-07,21:00,84,3.888,3.888,18.192,18.192,0,0
2026-05-07,21:15,85,4.244,4.244,19.86,19.86,0,0
2026-05-07,21:30,86,4.698,4.698,21.982,21.982,0,0
2026-05-07,21:45,87,3.37,3.37,15.766,15.766,0,0
2026-05-07,22:00,88,3.818,3.818,16.606,16.606,0,0
2026-05-07,22:15,89,3.951,3.951,17.184,17.184,0,0
2026-05-07,22:30,90,4.316,4.316,18.772,18.772,0,0
2026-05-07,22:45,91,4.515,4.515,19.638,19.638,0,0
2026-05-07,23:00,92,5.13,5.13,13.98,13.98,0,0
2026-05-07,23:15,93,4.343,4.343,11.836,11.836,0,0
2026-05-07,23:30,94,4.617,4.617,12.582,12.582,0,0
2026-05-07,23:45,95,3.01,3.01,8.202,8.202,0,0
2026-05-08,00:00,0,4.8,4.8,14.01,14.01,0,0
2026-05-08,00:15,1,3.808,3.808,11.115,11.115,0,0
2026-05-08,00:30,2,4.64,4.64,13.543,13.543,0,0
2026-05-08,00:45,3,2.752,2.752,8.032,8.032,0,0
2026-05-08,01:00,4,4.785,4.785,12.934,12.934,0,0
2026-05-08,01:15,5,4.191,4.191,11.328,11.328,0,0
2026-05-08,01:30,6,4.29,4.29,11.596,11.596,0,0
2026-05-08,01:45,7,3.234,3.234,8.742,8.742,0,0
2026-05-08,02:00,8,4.732,4.732,12.404,12.404,0,0
2026-05-08,02:15,9,4.563,4.563,11.961,11.961,0,0
2026-05-08,02:30,10,4.563,4.563,11.961,11.961,0,0
2026-05-08,02:45,11,3.042,3.042,7.974,7.974,0,0
2026-05-08,03:00,12,4.671,4.671,12.42,12.42,0,0
2026-05-08,03:15,13,4.256,4.256,11.316,11.316,0,0
2026-05-08,03:30,14,4.844,4.844,12.88,12.88,0,0
2026-05-08,03:45,15,3.529,3.529,9.384,9.384,0,0
2026-05-08,04:00,16,4.472,4.472,12.246,12.246,0,0
2026-05-08,04:15,17,4.506,4.506,12.34,12.34,0,0
2026-05-08,04:30,18,4.988,4.988,13.659,13.659,0,0
2026-05-08,04:45,19,3.234,3.234,8.855,8.855,0,0
2026-05-08,05:00,20,4,4,13.125,13.125,0,0
2026-05-08,05:15,21,3.808,3.808,12.495,12.495,0,0
2026-05-08,05:30,22,4.16,4.16,13.65,13.65,0,0
2026-05-08,05:45,23,4.032,4.032,13.23,13.23,0,0
2026-05-08,06:00,24,12.048,12.048,14.256,14.256,0,0
2026-05-08,06:15,25,12.751,12.751,15.088,15.088,0,0
2026-05-08,06:30,26,13.554,13.554,16.038,16.038,0,0
2026-05-08,06:45,27,11.847,11.847,14.018,14.018,0,0
2026-05-08,07:00,28,17.618,17.618,15.479,15.479,0,0
2026-05-08,07:15,29,20.682,20.682,18.171,18.171,0,0
2026-05-08,07:30,30,21.448,21.448,18.844,18.844,0,0
2026-05-08,07:45,31,16.852,16.852,14.806,14.806,0,0
2026-05-08,08:00,32,30.63,30.63,20.88,20.88,0,0
2026-05-08,08:15,33,25.117,25.117,17.122,17.122,0,0
2026-05-08,08:30,34,29.609,29.609,20.184,20.184,0,0
2026-05-08,08:45,35,16.744,16.744,11.414,11.414,0,0
2026-05-08,09:00,36,34.974,34.974,23.113,23.113,0,0
2026-05-08,09:15,37,31.597,31.597,20.881,20.881,0,0
2026-05-08,09:30,38,31.356,31.356,20.722,20.722,0,0
2026-05-08,09:45,39,22.673,22.673,14.984,14.984,0,0
2026-05-08,10:00,40,35.028,35.028,24.36,24.36,0,0
2026-05-08,10:15,41,29.774,29.774,20.706,20.706,0,0
2026-05-08,10:30,42,33.777,33.777,23.49,23.49,0,0
2026-05-08,10:45,43,26.521,26.521,18.444,18.444,0,0
2026-05-08,11:00,44,36.558,36.558,25.164,25.164,5.076,5.076
2026-05-08,11:15,45,34.392,34.392,23.673,23.673,4.775,4.775
2026-05-08,11:30,46,37.912,37.912,26.096,26.096,5.264,5.264
2026-05-08,11:45,47,26.538,26.538,18.267,18.267,3.685,3.685
2026-05-08,12:00,48,36.14,36.14,23.374,23.374,5.122,5.122
2026-05-08,12:15,49,37.53,37.53,24.273,24.273,5.319,5.319
2026-05-08,12:30,50,40.31,40.31,26.071,26.071,5.713,5.713
2026-05-08,12:45,51,25.02,25.02,16.182,16.182,3.546,3.546
2026-05-08,13:00,52,33.825,33.825,23.1,23.1,6.2,6.2
2026-05-08,13:15,53,33.284,33.284,22.73,22.73,6.101,6.101
2026-05-08,13:30,54,35.178,35.178,24.024,24.024,6.448,6.448
2026-05-08,13:45,55,33.013,33.013,22.546,22.546,6.051,6.051
2026-05-08,14:00,56,29.856,29.856,22.272,22.272,7.296,7.296
2026-05-08,14:15,57,32.593,32.593,24.314,24.314,7.965,7.965
2026-05-08,14:30,58,33.588,33.588,25.056,25.056,8.208,8.208
2026-05-08,14:45,59,28.363,28.363,21.158,21.158,6.931,6.931
2026-05-08,15:00,60,21.574,21.574,21.597,21.597,0,0
2026-05-08,15:15,61,22.324,22.324,22.348,22.348,0,0
2026-05-08,15:30,62,26.264,26.264,26.292,26.292,0,0
2026-05-08,15:45,63,23.638,23.638,23.663,23.663,0,0
2026-05-08,16:00,64,22.23,22.23,24.96,24.96,0,0
2026-05-08,16:15,65,18.821,18.821,21.133,21.133,0,0
2026-05-08,16:30,66,21.489,21.489,24.128,24.128,0,0
2026-05-08,16:45,67,11.56,11.56,12.979,12.979,0,0
2026-05-08,17:00,68,14.848,14.848,22.823,22.823,0,0
2026-05-08,17:15,69,13.824,13.824,21.249,21.249,0,0
2026-05-08,17:30,70,13.312,13.312,20.462,20.462,0,0
2026-05-08,17:45,71,9.216,9.216,14.166,14.166,0,0
2026-05-08,18:00,72,4.816,4.816,26.936,26.936,-6.468,-6.468
2026-05-08,18:15,73,4.231,4.231,23.665,23.665,-5.683,-5.683
2026-05-08,18:30,74,4.644,4.644,25.974,25.974,-6.237,-6.237
2026-05-08,18:45,75,3.509,3.509,19.625,19.625,-4.712,-4.712
2026-05-08,19:00,76,4.752,4.752,24.435,24.435,-6.237,-6.237
2026-05-08,19:15,77,4.611,4.611,23.711,23.711,-6.052,-6.052
2026-05-08,19:30,78,4.928,4.928,25.34,25.34,-6.468,-6.468
2026-05-08,19:45,79,3.309,3.309,17.014,17.014,-4.343,-4.343
2026-05-08,20:00,80,4.108,4.108,20.878,20.878,-5.798,-5.798
2026-05-08,20:15,81,3.76,3.76,19.111,19.111,-5.307,-5.307
2026-05-08,20:30,82,4.582,4.582,23.287,23.287,-6.467,-6.467
2026-05-08,20:45,83,3.35,3.35,17.024,17.024,-4.728,-4.728
2026-05-08,21:00,84,4.075,4.075,18.9,18.9,0,0
2026-05-08,21:15,85,4.14,4.14,19.202,19.202,0,0
2026-05-08,21:30,86,4.238,4.238,19.656,19.656,0,0
2026-05-08,21:45,87,3.847,3.847,17.842,17.842,0,0
2026-05-08,22:00,88,4.008,4.008,17.304,17.304,0,0
2026-05-08,22:15,89,4.509,4.509,19.467,19.467,0,0
2026-05-08,22:30,90,4.509,4.509,19.467,19.467,0,0
2026-05-08,22:45,91,3.674,3.674,15.862,15.862,0,0
2026-05-08,23:00,92,3.933,3.933,10.695,10.695,0,0
2026-05-08,23:15,93,4.207,4.207,11.439,11.439,0,0
2026-05-08,23:30,94,4.788,4.788,13.02,13.02,0,0
2026-05-08,23:45,95,4.172,4.172,11.346,11.346,0,0
2026-05-09,00:00,0,3.703,3.703,10.718,10.718,0,0
2026-05-09,00:15,1,4.347,4.347,12.582,12.582,0,0
2026-05-09,00:30,2,4.186,4.186,12.116,12.116,0,0
2026-05-09,00:45,3,3.864,3.864,11.184,11.184,0,0
2026-05-09,01:00,4,4.95,4.95,13.35,13.35,0,0
2026-05-09,01:15,5,4.059,4.059,10.947,10.947,0,0
2026-05-09,01:30,6,4.455,4.455,12.015,12.015,0,0
2026-05-09,01:45,7,3.036,3.036,8.188,8.188,0,0
2026-05-09,02:00,8,4.93,4.93,12.818,12.818,0,0
2026-05-09,02:15,9,4.454,4.454,11.58,11.58,0,0
2026-05-09,02:30,10,4.76,4.76,12.376,12.376,0,0
2026-05-09,02:45,11,2.856,2.856,7.426,7.426,0,0
2026-05-09,03:00,12,4.704,4.704,13.216,13.216,0,0
2026-05-09,03:15,13,3.998,3.998,11.234,11.234,0,0
2026-05-09,03:30,14,4.872,4.872,13.688,13.688,0,0
2026-05-09,03:45,15,3.226,3.226,9.062,9.062,0,0
2026-05-09,04:00,16,4.644,4.644,12.69,12.69,0,0
2026-05-09,04:15,17,4.369,4.369,11.938,11.938,0,0
2026-05-09,04:30,18,4.472,4.472,12.22,12.22,0,0
2026-05-09,04:45,19,3.715,3.715,10.152,10.152,0,0
2026-05-09,05:00,20,4.16,4.16,13.624,13.624,0,0
2026-05-09,05:15,21,4.32,4.32,14.148,14.148,0,0
2026-05-09,05:30,22,4.32,4.32,14.148,14.148,0,0
2026-05-09,05:45,23,3.2,3.2,10.48,10.48,0,0
2026-05-09,06:00,24,12.575,12.575,14.8,14.8,0,0
2026-05-09,06:15,25,12.374,12.374,14.563,14.563,0,0
2026-05-09,06:30,26,14.084,14.084,16.576,16.576,0,0
2026-05-09,06:45,27,11.267,11.267,13.261,13.261,0,0
2026-05-09,07:00,28,18.432,18.432,16.104,16.104,0,0
2026-05-09,07:15,29,20.122,20.122,17.58,17.58,0,0
2026-05-09,07:30,30,22.272,22.272,19.459,19.459,0,0
2026-05-09,07:45,31,15.974,15.974,13.957,13.957,0,0
2026-05-09,08:00,32,23.575,23.575,15.985,15.985,0,0
2026-05-09,08:15,33,24.395,24.395,16.541,16.541,0,0
2026-05-09,08:30,34,26.65,26.65,18.07,18.07,0,0
2026-05-09,08:45,35,27.88,27.88,18.904,18.904,0,0
2026-05-09,09:00,36,36.3,36.3,23.85,23.85,0,0
2026-05-09,09:15,37,30.734,30.734,20.193,20.193,0,0
2026-05-09,09:30,38,32.67,32.67,21.465,21.465,0,0
2026-05-09,09:45,39,21.296,21.296,13.992,13.992,0,0
2026-05-09,10:00,40,36.424,36.424,25.172,25.172,0,0
2026-05-09,10:15,41,33.912,33.912,23.436,23.436,0,0
2026-05-09,10:30,42,35.168,35.168,24.304,24.304,0,0
2026-05-09,10:45,43,20.096,20.096,13.888,13.888,0,0
2026-05-09,11:00,44,38.052,38.052,26.04,26.04,5.264,5.264
2026-05-09,11:15,45,33.431,33.431,22.878,22.878,4.625,4.625
2026-05-09,11:30,46,39.411,39.411,26.97,26.97,5.452,5.452
2026-05-09,11:45,47,25.006,25.006,17.112,17.112,3.459,3.459
2026-05-09,12:00,48,37.665,37.665,24.192,24.192,5.346,5.346
2026-05-09,12:15,49,36.549,36.549,23.475,23.475,5.188,5.188
2026-05-09,12:30,50,36.27,36.27,23.296,23.296,5.148,5.148
2026-05-09,12:45,51,29.016,29.016,18.637,18.637,4.118,4.118
2026-05-09,13:00,52,35.282,35.282,23.946,23.946,6.474,6.474
2026-05-09,13:15,53,32.297,32.297,21.92,21.92,5.926,5.926
2026-05-09,13:30,54,36.639,36.639,24.867,24.867,6.723,6.723
2026-05-09,13:45,55,31.482,31.482,21.367,21.367,5.777,5.777
2026-05-09,14:00,56,30.15,30.15,23.8,23.8,7.45,7.45
2026-05-09,14:15,57,30.632,30.632,24.181,24.181,7.569,7.569
2026-05-09,14:30,58,33.768,33.768,26.656,26.656,8.344,8.344
2026-05-09,14:45,59,26.05,26.05,20.563,20.563,6.437,6.437
2026-05-09,15:00,60,22.608,22.608,22.488,22.488,0,0
2026-05-09,15:15,61,25.434,25.434,25.299,25.299,0,0
2026-05-09,15:30,62,27.318,27.318,27.173,27.173,0,0
2026-05-09,15:45,63,18.84,18.84,18.74,18.74,0,0
2026-05-09,16:00,64,17.112,17.112,19.09,19.09,0,0
2026-05-09,16:15,65,18.302,18.302,20.418,20.418,0,0
2026-05-09,16:30,66,19.344,19.344,21.58,21.58,0,0
2026-05-09,16:45,67,19.642,19.642,21.912,21.912,0,0
2026-05-09,17:00,68,15.39,15.39,23.55,23.55,0,0
2026-05-09,17:15,69,13.441,13.441,20.567,20.567,0,0
2026-05-09,17:30,70,13.851,13.851,21.195,21.195,0,0
2026-05-09,17:45,71,8.618,8.618,13.188,13.188,0,0
2026-05-09,18:00,72,4.988,4.988,27.84,27.84,-6.699,-6.699
2026-05-09,18:15,73,4.094,4.094,22.848,22.848,-5.498,-5.498
2026-05-09,18:30,74,4.816,4.816,26.88,26.88,-6.468,-6.468
2026-05-09,18:45,75,3.302,3.302,18.432,18.432,-4.435,-4.435
2026-05-09,19:00,76,4.956,4.956,25.256,25.256,-6.468,-6.468
2026-05-09,19:15,77,4.496,4.496,22.911,22.911,-5.867,-5.867
2026-05-09,19:30,78,5.133,5.133,26.158,26.158,-6.699,-6.699
2026-05-09,19:45,79,3.115,3.115,15.875,15.875,-4.066,-4.066
2026-05-09,20:00,80,4.293,4.293,21.627,21.627,-6.048,-6.048
2026-05-09,20:15,81,4.293,4.293,21.627,21.627,-6.048,-6.048
2026-05-09,20:30,82,4.134,4.134,20.826,20.826,-5.824,-5.824
2026-05-09,20:45,83,3.18,3.18,16.02,16.02,-4.48,-4.48
2026-05-09,21:00,84,4.238,4.238,19.604,19.604,0,0
2026-05-09,21:15,85,4.01,4.01,18.548,18.548,0,0
2026-05-09,21:30,86,4.401,4.401,20.358,20.358,0,0
2026-05-09,21:45,87,3.651,3.651,16.89,16.89,0,0
2026-05-09,22:00,88,4.175,4.175,17.975,17.975,0,0
2026-05-09,22:15,89,4.375,4.375,18.838,18.838,0,0
2026-05-09,22:30,90,4.676,4.676,20.132,20.132,0,0
2026-05-09,22:45,91,3.474,3.474,14.955,14.955,0,0
2026-05-09,23:00,92,4.128,4.128,11.136,11.136,0,0
2026-05-09,23:15,93,4.094,4.094,11.043,11.043,0,0
2026-05-09,23:30,94,4.988,4.988,13.456,13.456,0,0
2026-05-09,23:45,95,3.99,3.99,10.765,10.765,0,0
2026-05-10,00:00,0,3.864,3.864,11.16,11.16,0,0
2026-05-10,00:15,1,4.218,4.218,12.183,12.183,0,0
2026-05-10,00:30,2,4.347,4.347,12.555,12.555,0,0
2026-05-10,00:45,3,3.671,3.671,10.602,10.602,0,0
2026-05-10,01:00,4,3.818,3.818,10.212,10.212,0,0
2026-05-10,01:15,5,3.951,3.951,10.567,10.567,0,0
2026-05-10,01:30,6,4.648,4.648,12.432,12.432,0,0
2026-05-10,01:45,7,4.183,4.183,11.189,11.189,0,0
2026-05-10,02:00,8,5.1,5.1,13.2,13.2,0,0
2026-05-10,02:15,9,4.318,4.318,11.176,11.176,0,0
2026-05-10,02:30,10,4.93,4.93,12.76,12.76,0,0
2026-05-10,02:45,11,2.652,2.652,6.864,6.864,0,0
2026-05-10,03:00,12,4.872,4.872,13.659,13.659,0,0
2026-05-10,03:15,13,4.536,4.536,12.717,12.717,0,0
2026-05-10,03:30,14,4.368,4.368,12.246,12.246,0,0
2026-05-10,03:45,15,3.024,3.024,8.478,8.478,0,0
2026-05-10,04:00,16,4.844,4.844,13.104,13.104,0,0
2026-05-10,04:15,17,4.256,4.256,11.513,11.513,0,0
2026-05-10,04:30,18,4.671,4.671,12.636,12.636,0,0
2026-05-10,04:45,19,3.529,3.529,9.547,9.547,0,0
2026-05-10,05:00,20,4.347,4.347,14.121,14.121,0,0
2026-05-10,05:15,21,4.218,4.218,13.703,13.703,0,0
2026-05-10,05:30,22,4.508,4.508,14.644,14.644,0,0
2026-05-10,05:45,23,3.027,3.027,9.832,9.832,0,0
2026-05-10,06:00,24,13.13,13.13,15.366,15.366,0,0
2026-05-10,06:15,25,12.019,12.019,14.066,14.066,0,0
2026-05-10,06:30,26,14.645,14.645,17.139,17.139,0,0
2026-05-10,06:45,27,10.706,10.706,12.529,12.529,0,0
2026-05-10,07:00,28,19.275,19.275,16.725,16.725,0,0
2026-05-10,07:15,29,19.583,19.583,16.993,16.993,0,0
2026-05-10,07:30,30,20.046,20.046,17.394,17.394,0,0
2026-05-10,07:45,31,18.196,18.196,15.788,15.788,0,0
2026-05-10,08:00,32,23.832,23.832,17.112,17.112,0,0
2026-05-10,08:15,33,26.811,26.811,19.251,19.251,0,0
2026-05-10,08:30,34,26.811,26.811,19.251,19.251,0,0
2026-05-10,08:45,35,21.846,21.846,15.686,15.686,0,0
2026-05-10,09:00,36,27.899,27.899,18.239,18.239,0,0
2026-05-10,09:15,37,29.84,29.84,19.508,19.508,0,0
2026-05-10,09:30,38,33.964,33.964,22.204,22.204,0,0
2026-05-10,09:45,39,29.597,29.597,19.349,19.349,0,0
2026-05-10,10:00,40,37.8,37.8,25.98,25.98,0,0
2026-05-10,10:15,41,33.012,33.012,22.689,22.689,0,0
2026-05-10,10:30,42,36.54,36.54,25.114,25.114,0,0
2026-05-10,10:45,43,18.648,18.648,12.817,12.817,0,0
2026-05-10,11:00,44,39.527,39.527,26.883,26.883,5.452,5.452
2026-05-10,11:15,45,32.439,32.439,22.063,22.063,4.474,4.474
2026-05-10,11:30,46,35.438,35.438,24.102,24.102,4.888,4.888
2026-05-10,11:45,47,28.896,28.896,19.652,19.652,3.986,3.986
2026-05-10,12:00,48,39.172,39.172,25.032,25.032,5.544,5.544
2026-05-10,12:15,49,35.535,35.535,22.708,22.708,5.029,5.029
2026-05-10,12:30,50,37.773,37.773,24.138,24.138,5.346,5.346
2026-05-10,12:45,51,27.42,27.42,17.522,17.522,3.881,3.881
2026-05-10,13:00,52,36.774,36.774,24.813,24.813,6.723,6.723
2026-05-10,13:15,53,36.774,36.774,24.813,24.813,6.723,6.723
2026-05-10,13:30,54,38.136,38.136,25.732,25.732,6.972,6.972
2026-05-10,13:45,55,24.516,24.516,16.542,16.542,4.482,4.482
2026-05-10,14:00,56,31.46,31.46,24.7,24.7,7.748,7.748
2026-05-10,14:15,57,29.766,29.766,23.37,23.37,7.331,7.331
2026-05-10,14:30,58,35.09,35.09,27.55,27.55,8.642,8.642
2026-05-10,14:45,59,24.684,24.684,19.38,19.38,6.079,6.079
2026-05-10,15:00,60,23.625,23.625,23.35,23.35,0,0
2026-05-10,15:15,61,24.759,24.759,24.471,24.471,0,0
2026-05-10,15:30,62,24.57,24.57,24.284,24.284,0,0
2026-05-10,15:45,63,21.546,21.546,21.295,21.295,0,0
2026-05-10,16:00,64,17.904,17.904,19.872,19.872,0,0
2026-05-10,16:15,65,17.755,17.755,19.706,19.706,0,0
2026-05-10,16:30,66,20.142,20.142,22.356,22.356,0,0
2026-05-10,16:45,67,18.799,18.799,20.866,20.866,0,0
2026-05-10,17:00,68,11.845,11.845,17.986,17.986,0,0
2026-05-10,17:15,69,13.081,13.081,19.863,19.863,0,0
2026-05-10,17:30,70,14.42,14.42,21.896,21.896,0,0
2026-05-10,17:45,71,12.154,12.154,18.455,18.455,0,0
2026-05-10,18:00,72,5.19,5.19,28.71,28.71,-6.96,-6.96
2026-05-10,18:15,73,4.671,4.671,25.839,25.839,-6.264,-6.264
2026-05-10,18:30,74,5.017,5.017,27.753,27.753,-6.728,-6.728
2026-05-10,18:45,75,2.422,2.422,13.398,13.398,-3.248,-3.248
2026-05-10,19:00,76,4.959,4.959,26.825,26.825,-6.554,-6.554
2026-05-10,19:15,77,4.207,4.207,22.755,22.755,-5.56,-5.56
2026-05-10,19:30,78,4.446,4.446,24.05,24.05,-5.876,-5.876
2026-05-10,19:45,79,3.488,3.488,18.87,18.87,-4.61,-4.61
2026-05-10,20:00,80,4.452,4.452,22.372,22.372,-6.272,-6.272
2026-05-10,20:15,81,4.166,4.166,20.934,20.934,-5.869,-5.869
2026-05-10,20:30,82,4.293,4.293,21.573,21.573,-6.048,-6.048
2026-05-10,20:45,83,2.989,2.989,15.021,15.021,-4.211,-4.211
2026-05-10,21:00,84,4.428,4.428,20.304,20.304,0,0
2026-05-10,21:15,85,3.903,3.903,17.898,17.898,0,0
2026-05-10,21:30,86,4.592,4.592,21.056,21.056,0,0
2026-05-10,21:45,87,3.477,3.477,15.942,15.942,0,0
2026-05-10,22:00,88,4.368,4.368,18.642,18.642,0,0
2026-05-10,22:15,89,4.267,4.267,18.212,18.212,0,0
2026-05-10,22:30,90,4.872,4.872,20.793,20.793,0,0
2026-05-10,22:45,91,3.293,3.293,14.053,14.053,0,0
2026-05-10,23:00,92,4.3,4.3,11.575,11.575,0,0
2026-05-10,23:15,93,4.644,4.644,12.501,12.501,0,0
2026-05-10,23:30,94,4.472,4.472,12.038,12.038,0,0
2026-05-10,23:45,95,3.784,3.784,10.186,10.186,0,0
2026-05-11,00:00,0,4.05,4.05,11.575,11.575,0,0
2026-05-11,00:15,1,4.115,4.115,11.76,11.76,0,0
2026-05-11,00:30,2,4.536,4.536,12.964,12.964,0,0
2026-05-11,00:45,3,3.499,3.499,10.001,10.001,0,0
2026-05-11,01:00,4,3.984,3.984,10.632,10.632,0,0
2026-05-11,01:15,5,4.482,4.482,11.961,11.961,0,0
2026-05-11,01:30,6,4.814,4.814,12.847,12.847,0,0
2026-05-11,01:45,7,3.32,3.32,8.86,8.86,0,0
2026-05-11,02:00,8,3.795,3.795,10.396,10.396,0,0
2026-05-11,02:15,9,4.059,4.059,11.119,11.119,0,0
2026-05-11,02:30,10,4.29,4.29,11.752,11.752,0,0
2026-05-11,02:45,11,4.356,4.356,11.933,11.933,0,0
2026-05-11,03:00,12,5.07,5.07,14.1,14.1,0,0
2026-05-11,03:15,13,4.428,4.428,12.314,12.314,0,0
2026-05-11,03:30,14,4.563,4.563,12.69,12.69,0,0
2026-05-11,03:45,15,2.839,2.839,7.896,7.896,0,0
2026-05-11,04:00,16,5.017,5.017,13.543,13.543,0,0
2026-05-11,04:15,17,4.117,4.117,11.115,11.115,0,0
2026-05-11,04:30,18,4.844,4.844,13.076,13.076,0,0
2026-05-11,04:45,19,3.322,3.322,8.966,8.966,0,0
2026-05-11,05:00,20,4.508,4.508,14.588,14.588,0,0
2026-05-11,05:15,21,4.089,4.089,13.233,13.233,0,0
2026-05-11,05:30,22,4.669,4.669,15.109,15.109,0,0
2026-05-11,05:45,23,2.834,2.834,9.17,9.17,0,0
2026-05-11,06:00,24,13.689,13.689,15.903,15.903,0,0
2026-05-11,06:15,25,13.689,13.689,15.903,15.903,0,0
2026-05-11,06:30,26,13.182,13.182,15.314,15.314,0,0
2026-05-11,06:45,27,10.14,10.14,11.78,11.78,0,0
2026-05-11,07:00,28,20.098,20.098,17.368,17.368,0,0
2026-05-11,07:15,29,19.016,19.016,16.433,16.433,0,0
2026-05-11,07:30,30,20.871,20.871,18.036,18.036,0,0
2026-05-11,07:45,31,17.315,17.315,14.963,14.963,0,0
2026-05-11,08:00,32,24.9,24.9,17.8,17.8,0,0
2026-05-11,08:15,33,26.095,26.095,18.654,18.654,0,0
2026-05-11,08:30,34,27.888,27.888,19.936,19.936,0,0
2026-05-11,08:45,35,20.717,20.717,14.81,14.81,0,0
2026-05-11,09:00,36,29.208,29.208,18.984,18.984,0,0
2026-05-11,09:15,37,28.965,28.965,18.826,18.826,0,0
2026-05-11,09:30,38,35.293,35.293,22.939,22.939,0,0
2026-05-11,09:45,39,28.234,28.234,18.351,18.351,0,0
2026-05-11,10:00,40,29.072,29.072,19.849,19.849,0,0
2026-05-11,10:15,41,32.106,32.106,21.92,21.92,0,0
2026-05-11,10:30,42,32.864,32.864,22.438,22.438,0,0
2026-05-11,10:45,43,32.358,32.358,22.093,22.093,0,0
2026-05-11,11:00,44,41.04,41.04,27.75,27.75,5.67,5.67
2026-05-11,11:15,45,36.936,36.936,24.975,24.975,5.103,5.103
2026-05-11,11:30,46,36.936,36.936,24.975,24.975,5.103,5.103
2026-05-11,11:45,47,21.888,21.888,14.8,14.8,3.024,3.024
2026-05-11,12:00,48,40.716,40.716,25.839,25.839,5.771,5.771
2026-05-11,12:15,49,34.538,34.538,21.919,21.919,4.895,4.895
2026-05-11,12:30,50,39.312,39.312,24.948,24.948,5.572,5.572
2026-05-11,12:45,51,25.834,25.834,16.394,16.394,3.662,3.662
2026-05-11,13:00,52,36.932,36.932,26.404,26.404,6.832,6.832
2026-05-11,13:15,53,34.558,34.558,24.707,24.707,6.393,6.393
2026-05-11,13:30,54,38.251,38.251,27.347,27.347,7.076,7.076
2026-05-11,13:45,55,22.159,22.159,15.842,15.842,4.099,4.099
2026-05-11,14:00,56,32.751,32.751,25.569,25.569,8.073,8.073
2026-05-11,14:15,57,28.869,28.869,22.539,22.539,7.116,7.116
2026-05-11,14:30,58,31.538,31.538,24.622,24.622,7.774,7.774
2026-05-11,14:45,59,28.142,28.142,21.97,21.97,6.937,6.937
2026-05-11,15:00,60,24.648,24.648,24.232,24.232,0,0
2026-05-11,15:15,61,24.079,24.079,23.673,23.673,0,0
2026-05-11,15:30,62,25.596,25.596,25.164,25.164,0,0
2026-05-11,15:45,63,20.477,20.477,20.131,20.131,0,0
2026-05-11,16:00,64,18.7,18.7,20.625,20.625,0,0
2026-05-11,16:15,65,20.196,20.196,22.275,22.275,0,0
2026-05-11,16:30,66,20.944,20.944,23.1,23.1,0,0
2026-05-11,16:45,67,14.96,14.96,16.5,16.5,0,0
2026-05-11,17:00,68,12.384,12.384,18.72,18.72,0,0
2026-05-11,17:15,69,12.694,12.694,19.188,19.188,0,0
2026-05-11,17:30,70,14.964,14.964,22.62,22.62,0,0
2026-05-11,17:45,71,11.558,11.558,17.472,17.472,0,0
2026-05-11,18:00,72,3.979,3.979,21.965,21.965,-5.336,-5.336
2026-05-11,18:15,73,4.533,4.533,25.021,25.021,-6.078,-6.078
2026-05-11,18:30,74,4.498,4.498,24.83,24.83,-6.032,-6.032
2026-05-11,18:45,75,4.29,4.29,23.684,23.684,-5.754,-5.754
2026-05-11,19:00,76,5.16,5.16,27.69,27.69,-6.81,-6.81
2026-05-11,19:15,77,4.094,4.094,21.967,21.967,-5.403,-5.403
2026-05-11,19:30,78,4.644,4.644,24.921,24.921,-6.129,-6.129
2026-05-11,19:45,79,3.302,3.302,17.722,17.722,-4.358,-4.358
2026-05-11,20:00,80,4.64,4.64,23.113,23.113,-6.525,-6.525
2026-05-11,20:15,81,4.064,4.064,20.244,20.244,-5.715,-5.715
2026-05-11,20:30,82,4.48,4.48,22.316,22.316,-6.3,-6.3
2026-05-11,20:45,83,2.816,2.816,14.027,14.027,-3.96,-3.96
2026-05-11,21:00,84,4.592,4.592,21,21,0,0
2026-05-11,21:15,85,4.428,4.428,20.25,20.25,0,0
2026-05-11,21:30,86,4.756,4.756,21.75,21.75,0,0
2026-05-11,21:45,87,2.624,2.624,12,12,0,0
2026-05-11,22:00,88,4.536,4.536,19.305,19.305,0,0
2026-05-11,22:15,89,4.133,4.133,17.589,17.589,0,0
2026-05-11,22:30,90,4.368,4.368,18.59,18.59,0,0
2026-05-11,22:45,91,3.763,3.763,16.016,16.016,0,0
2026-05-11,23:00,92,4.498,4.498,12.012,12.012,0,0
2026-05-11,23:15,93,4.533,4.533,12.104,12.104,0,0
2026-05-11,23:30,94,4.671,4.671,12.474,12.474,0,0
2026-05-11,23:45,95,3.598,3.598,9.61,9.61,0,0
2026-05-12,00:00,0,4.238,4.238,12.012,12.012,0,0
2026-05-12,00:15,1,4.01,4.01,11.365,11.365,0,0
2026-05-12,00:30,2,4.727,4.727,13.398,13.398,0,0
2026-05-12,00:45,3,3.325,3.325,9.425,9.425,0,0
2026-05-12,01:00,4,4.175,4.175,11.05,11.05,0,0
2026-05-12,01:15,5,4.375,4.375,11.58,11.58,0,0
2026-05-12,01:30,6,4.342,4.342,11.492,11.492,0,0
2026-05-12,01:45,7,3.808,3.808,10.078,10.078,0,0
2026-05-12,02:00,8,3.96,3.96,10.824,10.824,0,0
2026-05-12,02:15,9,3.927,3.927,10.734,10.734,0,0
2026-05-12,02:30,10,4.455,4.455,12.177,12.177,0,0
2026-05-12,02:45,11,4.158,4.158,11.365,11.365,0,0
2026-05-12,03:00,12,3.91,3.91,10.787,10.787,0,0
2026-05-12,03:15,13,4.318,4.318,11.913,11.913,0,0
2026-05-12,03:30,14,4.76,4.76,13.132,13.132,0,0
2026-05-12,03:45,15,4.012,4.012,11.068,11.068,0,0
2026-05-12,04:00,16,5.22,5.22,13.98,13.98,0,0
2026-05-12,04:15,17,4.698,4.698,12.582,12.582,0,0
2026-05-12,04:30,18,5.046,5.046,13.514,13.514,0,0
2026-05-12,04:45,19,2.436,2.436,6.524,6.524,0,0
2026-05-12,05:00,20,4.698,4.698,15.08,15.08,0,0
2026-05-12,05:15,21,3.985,3.985,12.792,12.792,0,0
2026-05-12,05:30,22,4.212,4.212,13.52,13.52,0,0
2026-05-12,05:45,23,3.305,3.305,10.608,10.608,0,0
2026-05-12,06:00,24,14.224,14.224,16.464,16.464,0,0
2026-05-12,06:15,25,13.31,13.31,15.406,15.406,0,0
2026-05-12,06:30,26,13.716,13.716,15.876,15.876,0,0
2026-05-12,06:45,27,9.55,9.55,11.054,11.054,0,0
2026-05-12,07:00,28,20.196,20.196,18.495,18.495,0,0
2026-05-12,07:15,29,17.802,17.802,16.303,16.303,0,0
2026-05-12,07:30,30,20.944,20.944,19.18,19.18,0,0
2026-05-12,07:45,31,15.858,15.858,14.522,14.522,0,0
2026-05-12,08:00,32,25.974,25.974,18.46,18.46,0,0
2026-05-12,08:15,33,25.375,25.375,18.034,18.034,0,0
2026-05-12,08:30,34,28.971,28.971,20.59,20.59,0,0
2026-05-12,08:45,35,19.58,19.58,13.916,13.916,0,0
2026-05-12,09:00,36,30.525,30.525,19.725,19.725,0,0
2026-05-12,09:15,37,32.967,32.967,21.303,21.303,0,0
2026-05-12,09:30,38,31.746,31.746,20.514,20.514,0,0
2026-05-12,09:45,39,26.862,26.862,17.358,17.358,0,0
2026-05-12,10:00,40,30.432,30.432,20.664,20.664,0,0
2026-05-12,10:15,41,31.193,31.193,21.181,21.181,0,0
2026-05-12,10:30,42,34.236,34.236,23.247,23.247,0,0
2026-05-12,10:45,43,30.939,30.939,21.008,21.008,0,0
2026-05-12,11:00,44,31.556,31.556,21.229,21.229,4.347,4.347
2026-05-12,11:15,45,35.946,35.946,24.183,24.183,4.952,4.952
2026-05-12,11:30,46,38.416,38.416,25.844,25.844,5.292,5.292
2026-05-12,11:45,47,31.282,31.282,21.044,21.044,4.309,4.309
2026-05-12,12:00,48,42.24,42.24,26.67,26.67,5.97,5.97
2026-05-12,12:15,49,33.51,33.51,21.158,21.158,4.736,4.736
2026-05-12,12:30,50,40.832,40.832,25.781,25.781,5.771,5.771
2026-05-12,12:45,51,24.218,24.218,15.291,15.291,3.423,3.423
2026-05-12,13:00,52,38.396,38.396,27.289,27.289,7.076,7.076
2026-05-12,13:15,53,33.63,33.63,23.901,23.901,6.198,6.198
2026-05-12,13:30,54,34.424,34.424,24.466,24.466,6.344,6.344
2026-05-12,13:45,55,25.95,25.95,18.444,18.444,4.782,4.782
2026-05-12,14:00,56,34.076,34.076,26.46,26.46,8.4,8.4
2026-05-12,14:15,57,32.859,32.859,25.515,25.515,8.1,8.1
2026-05-12,14:30,58,32.859,32.859,25.515,25.515,8.1,8.1
2026-05-12,14:45,59,21.906,21.906,17.01,17.01,5.4,5.4
2026-05-12,15:00,60,25.677,25.677,25.11,25.11,0,0
2026-05-12,15:15,61,23.395,23.395,22.878,22.878,0,0
2026-05-12,15:30,62,26.628,26.628,26.04,26.04,0,0
2026-05-12,15:45,63,19.4,19.4,18.972,18.972,0,0
2026-05-12,16:00,64,19.526,19.526,21.398,21.398,0,0
2026-05-12,16:15,65,19.676,19.676,21.563,21.563,0,0
2026-05-12,16:30,66,21.779,21.779,23.867,23.867,0,0
2026-05-12,16:45,67,14.119,14.119,15.472,15.472,0,0
2026-05-12,17:00,68,12.95,12.95,19.45,19.45,0,0
2026-05-12,17:15,69,12.328,12.328,18.516,18.516,0,0
2026-05-12,17:30,70,13.468,13.468,20.228,20.228,0,0
2026-05-12,17:45,71,13.054,13.054,19.606,19.606,0,0
2026-05-12,18:00,72,4.032,4.032,23.52,23.52,-5.448,-5.448
2026-05-12,18:15,73,4.267,4.267,24.892,24.892,-5.766,-5.766
2026-05-12,18:30,74,4.536,4.536,26.46,26.46,-6.129,-6.129
2026-05-12,18:45,75,3.965,3.965,23.128,23.128,-5.357,-5.357
2026-05-12,19:00,76,3.956,3.956,21.183,21.183,-5.221,-5.221
2026-05-12,19:15,77,4.644,4.644,24.867,24.867,-6.129,-6.129
2026-05-12,19:30,78,4.816,4.816,25.788,25.788,-6.356,-6.356
2026-05-12,19:45,79,3.784,3.784,20.262,20.262,-4.994,-4.994
2026-05-12,20:00,80,4.8,4.8,23.82,23.82,-6.75,-6.75
2026-05-12,20:15,81,3.936,3.936,19.532,19.532,-5.535,-5.535
2026-05-12,20:30,82,4.64,4.64,23.026,23.026,-6.525,-6.525
2026-05-12,20:45,83,2.624,2.624,13.022,13.022,-3.69,-3.69
2026-05-12,21:00,84,4.785,4.785,21.721,21.721,0,0
2026-05-12,21:15,85,4.323,4.323,19.624,19.624,0,0
2026-05-12,21:30,86,4.29,4.29,19.474,19.474,0,0
2026-05-12,21:45,87,3.102,3.102,14.081,14.081,0,0
2026-05-12,22:00,88,4.732,4.732,19.964,19.964,0,0
2026-05-12,22:15,89,4.022,4.022,16.969,16.969,0,0
2026-05-12,22:30,90,4.563,4.563,19.251,19.251,0,0
2026-05-12,22:45,91,3.583,3.583,15.116,15.116,0,0
2026-05-12,23:00,92,4.671,4.671,12.42,12.42,0,0
2026-05-12,23:15,93,4.394,4.394,11.684,11.684,0,0
2026-05-12,23:30,94,4.844,4.844,12.88,12.88,0,0
2026-05-12,23:45,95,3.391,3.391,9.016,9.016,0,0
2026-05-13,00:00,0,4.401,4.401,12.447,12.447,0,0
2026-05-13,00:15,1,3.879,3.879,10.972,10.972,0,0
2026-05-13,00:30,2,4.238,4.238,11.986,11.986,0,0
2026-05-13,00:45,3,3.782,3.782,10.695,10.695,0,0
2026-05-13,01:00,4,4.186,4.186,11.778,11.778,0,0
2026-05-13,01:15,5,4.089,4.089,11.506,11.506,0,0
2026-05-13,01:30,6,4.347,4.347,12.231,12.231,0,0
2026-05-13,01:45,7,3.478,3.478,9.785,9.785,0,0
2026-05-13,02:00,8,4.15,4.15,11.25,11.25,0,0
2026-05-13,02:15,9,4.482,4.482,12.15,12.15,0,0
2026-05-13,02:30,10,4.648,4.648,12.6,12.6,0,0
2026-05-13,02:45,11,3.32,3.32,9,9,0,0
2026-05-13,03:00,12,4.08,4.08,11.208,11.208,0,0
2026-05-13,03:15,13,4.182,4.182,11.488,11.488,0,0
2026-05-13,03:30,14,4.93,4.93,13.543,13.543,0,0
2026-05-13,03:45,15,3.808,3.808,10.461,10.461,0,0
2026-05-13,04:00,16,4.002,4.002,10.695,10.695,0,0
2026-05-13,04:15,17,4.559,4.559,12.183,12.183,0,0
2026-05-13,04:30,18,4.524,4.524,12.09,12.09,0,0
2026-05-13,04:45,19,4.315,4.315,11.532,11.532,0,0
2026-05-13,05:00,20,4.89,4.89,15.54,15.54,0,0
2026-05-13,05:15,21,3.879,3.879,12.328,12.328,0,0
2026-05-13,05:30,22,4.401,4.401,13.986,13.986,0,0
2026-05-13,05:45,23,3.13,3.13,9.946,9.946,0,0
2026-05-13,06:00,24,14.79,14.79,16.994,16.994,0,0
2026-05-13,06:15,25,12.954,12.954,14.884,14.884,0,0
2026-05-13,06:30,26,14.28,14.28,16.408,16.408,0,0
2026-05-13,06:45,27,8.976,8.976,10.314,10.314,0,0
2026-05-13,07:00,28,21.028,21.028,19.124,19.124,0,0
2026-05-13,07:15,29,20.277,20.277,18.441,18.441,0,0
2026-05-13,07:30,30,21.779,21.779,19.807,19.807,0,0
2026-05-13,07:45,31,12.016,12.016,10.928,10.928,0,0
2026-05-13,08:00,32,27.054,27.054,19.116,19.116,0,0
2026-05-13,08:15,33,24.649,24.649,17.417,17.417,0,0
2026-05-13,08:30,34,26.052,26.052,18.408,18.408,0,0
2026-05-13,08:45,35,22.445,22.445,15.859,15.859,0,0
2026-05-13,09:00,36,31.85,31.85,20.462,20.462,0,0
2026-05-13,09:15,37,32.095,32.095,20.619,20.619,0,0
2026-05-13,09:30,38,33.075,33.075,21.249,21.249,0,0
2026-05-13,09:45,39,25.48,25.48,16.37,16.37,0,0
2026-05-13,10:00,40,31.825,31.825,21.475,21.475,0,0
2026-05-13,10:15,41,30.297,30.297,20.444,20.444,0,0
2026-05-13,10:30,42,35.644,35.644,24.052,24.052,0,0
2026-05-13,10:45,43,29.534,29.534,19.929,19.929,0,0
2026-05-13,11:00,44,33.048,33.048,22.08,22.08,4.56,4.56
2026-05-13,11:15,45,34.976,34.976,23.368,23.368,4.826,4.826
2026-05-13,11:30,46,39.933,39.933,26.68,26.68,5.51,5.51
2026-05-13,11:45,47,29.743,29.743,19.872,19.872,4.104,4.104
2026-05-13,12:00,48,31.349,31.349,20.999,20.999,4.462,4.462
2026-05-13,12:15,49,36.801,36.801,24.651,24.651,5.238,5.238
2026-05-13,12:30,50,35.438,35.438,23.738,23.738,5.044,5.044
2026-05-13,12:45,51,32.712,32.712,21.912,21.912,4.656,4.656
2026-05-13,13:00,52,39.84,39.84,28.14,28.14,7.35,7.35
2026-05-13,13:15,53,32.669,32.669,23.075,23.075,6.027,6.027
2026-05-13,13:30,54,35.856,35.856,25.326,25.326,6.615,6.615
2026-05-13,13:45,55,24.435,24.435,17.259,17.259,4.508,4.508
2026-05-13,14:00,56,35.409,35.409,27.318,27.318,8.7,8.7
2026-05-13,14:15,57,31.99,31.99,24.68,24.68,7.86,7.86
2026-05-13,14:30,58,34.188,34.188,26.376,26.376,8.4,8.4
2026-05-13,14:45,59,20.513,20.513,15.826,15.826,5.04,5.04
2026-05-13,15:00,60,26.712,26.712,25.956,25.956,0,0
2026-05-13,15:15,61,22.705,22.705,22.063,22.063,0,0
2026-05-13,15:30,62,27.666,27.666,26.883,26.883,0,0
2026-05-13,15:45,63,18.317,18.317,17.798,17.798,0,0
2026-05-13,16:00,64,20.331,20.331,22.167,22.167,0,0
2026-05-13,16:15,65,19.126,19.126,20.853,20.853,0,0
2026-05-13,16:30,66,19.578,19.578,21.346,21.346,0,0
2026-05-13,16:45,67,16.265,16.265,17.734,17.734,0,0
2026-05-13,17:00,68,13.52,13.52,20.176,20.176,0,0
2026-05-13,17:15,69,14.04,14.04,20.952,20.952,0,0
2026-05-13,17:30,70,14.04,14.04,20.952,20.952,0,0
2026-05-13,17:45,71,10.4,10.4,15.52,15.52,0,0
2026-05-13,18:00,72,4.2,4.2,24.425,24.425,-5.675,-5.675
2026-05-13,18:15,73,4.133,4.133,24.034,24.034,-5.584,-5.584
2026-05-13,18:30,74,4.704,4.704,27.356,27.356,-6.356,-6.356
2026-05-13,18:45,75,3.763,3.763,21.885,21.885,-5.085,-5.085
2026-05-13,19:00,76,4.152,4.152,22.032,22.032,-5.472,-5.472
2026-05-13,19:15,77,4.533,4.533,24.052,24.052,-5.974,-5.974
2026-05-13,19:30,78,5.017,5.017,26.622,26.622,-6.612,-6.612
2026-05-13,19:45,79,3.598,3.598,19.094,19.094,-4.742,-4.742
2026-05-13,20:00,80,3.703,3.703,18.216,18.216,-5.198,-5.198
2026-05-13,20:15,81,3.832,3.832,18.85,18.85,-5.379,-5.379
2026-05-13,20:30,82,4.186,4.186,20.592,20.592,-5.876,-5.876
2026-05-13,20:45,83,4.379,4.379,21.542,21.542,-6.147,-6.147
2026-05-13,21:00,84,4.95,4.95,22.41,22.41,0,0
2026-05-13,21:15,85,4.191,4.191,18.974,18.974,0,0
2026-05-13,21:30,86,4.455,4.455,20.169,20.169,0,0
2026-05-13,21:45,87,2.904,2.904,13.147,13.147,0,0
2026-05-13,22:00,88,4.93,4.93,20.619,20.619,0,0
2026-05-13,22:15,89,4.59,4.59,19.197,19.197,0,0
2026-05-13,22:30,90,4.76,4.76,19.908,19.908,0,0
2026-05-13,22:45,91,2.72,2.72,11.376,11.376,0,0
2026-05-13,23:00,92,4.704,4.704,13.216,13.216,0,0
2026-05-13,23:15,93,4.133,4.133,11.611,11.611,0,0
2026-05-13,23:30,94,4.872,4.872,13.688,13.688,0,0
2026-05-13,23:45,95,3.091,3.091,8.685,8.685,0,0
2026-05-14,00:00,0,4.592,4.592,12.88,12.88,0,0
2026-05-14,00:15,1,4.428,4.428,12.42,12.42,0,0
2026-05-14,00:30,2,4.428,4.428,12.42,12.42,0,0
2026-05-14,00:45,3,2.952,2.952,8.28,8.28,0,0
2026-05-14,01:00,4,4.374,4.374,12.204,12.204,0,0
2026-05-14,01:15,5,3.985,3.985,11.119,11.119,0,0
2026-05-14,01:30,6,4.536,4.536,12.656,12.656,0,0
2026-05-14,01:45,7,3.305,3.305,9.221,9.221,0,0
2026-05-14,02:00,8,4.316,4.316,11.674,11.674,0,0
2026-05-14,02:15,9,4.349,4.349,11.764,11.764,0,0
2026-05-14,02:30,10,4.814,4.814,13.021,13.021,0,0
2026-05-14,02:45,11,3.121,3.121,8.441,8.441,0,0
2026-05-14,03:00,12,4.275,4.275,11.65,11.65,0,0
2026-05-14,03:15,13,4.07,4.07,11.091,11.091,0,0
2026-05-14,03:30,14,4.446,4.446,12.116,12.116,0,0
2026-05-14,03:45,15,4.309,4.309,11.743,11.743,0,0
2026-05-14,04:00,16,4.2,4.2,11.112,11.112,0,0
2026-05-14,04:15,17,4.445,4.445,11.76,11.76,0,0
2026-05-14,04:30,18,4.725,4.725,12.501,12.501,0,0
2026-05-14,04:45,19,4.13,4.13,10.927,10.927,0,0
2026-05-14,05:00,20,3.749,3.749,11.891,11.891,0,0
2026-05-14,05:15,21,4.401,4.401,13.959,13.959,0,0
2026-05-14,05:30,22,4.564,4.564,14.476,14.476,0,0
2026-05-14,05:45,23,3.586,3.586,11.374,11.374,0,0
2026-05-14,06:00,24,14.79,14.79,18.03,18.03,0,0
2026-05-14,06:15,25,12.128,12.128,14.785,14.785,0,0
2026-05-14,06:30,26,14.297,14.297,17.429,17.429,0,0
2026-05-14,06:45,27,8.085,8.085,9.856,9.856,0,0
2026-05-14,07:00,28,21.837,21.837,19.749,19.749,0,0
2026-05-14,07:15,29,19.729,19.729,17.842,17.842,0,0
2026-05-14,07:30,30,19.578,19.578,17.706,17.706,0,0
2026-05-14,07:45,31,14.156,14.156,12.803,12.803,0,0
2026-05-14,08:00,32,28.14,28.14,19.768,19.768,0,0
2026-05-14,08:15,33,23.919,23.919,16.803,16.803,0,0
2026-05-14,08:30,34,27.135,27.135,19.062,19.062,0,0
2026-05-14,08:45,35,21.306,21.306,14.967,14.967,0,0
2026-05-14,09:00,36,33.183,33.183,21.195,21.195,0,0
2026-05-14,09:15,37,31.217,31.217,19.939,19.939,0,0
2026-05-14,09:30,38,34.412,34.412,21.98,21.98,0,0
2026-05-14,09:45,39,24.088,24.088,15.386,15.386,0,0
2026-05-14,10:00,40,33.202,33.202,22.282,22.282,0,0
2026-05-14,10:15,41,34.479,34.479,23.139,23.139,0,0
2026-05-14,10:30,42,37.033,37.033,24.853,24.853,0,0
2026-05-14,10:45,43,22.986,22.986,15.426,15.426,0,0
2026-05-14,11:00,44,34.525,34.525,22.95,22.95,4.75,4.75
2026-05-14,11:15,45,33.973,33.973,22.583,22.583,4.674,4.674
2026-05-14,11:30,46,35.906,35.906,23.868,23.868,4.94,4.94
2026-05-14,11:45,47,33.696,33.696,22.399,22.399,4.636,4.636
2026-05-14,12:00,48,32.832,32.832,21.864,21.864,4.68,4.68
2026-05-14,12:15,49,35.842,35.842,23.868,23.868,5.109,5.109
2026-05-14,12:30,50,36.936,36.936,24.597,24.597,5.265,5.265
2026-05-14,12:45,51,31.19,31.19,20.771,20.771,4.446,4.446
2026-05-14,13:00,52,30.636,30.636,21.528,21.528,5.635,5.635
2026-05-14,13:15,53,31.702,31.702,22.277,22.277,5.831,5.831
2026-05-14,13:30,54,37.296,37.296,26.208,26.208,6.86,6.86
2026-05-14,13:45,55,33.566,33.566,23.587,23.587,6.174,6.174
2026-05-14,14:00,56,36.75,36.75,28.2,28.2,9.03,9.03
2026-05-14,14:15,57,31.115,31.115,23.876,23.876,7.645,7.645
2026-05-14,14:30,58,35.525,35.525,27.26,27.26,8.729,8.729
2026-05-14,14:45,59,19.11,19.11,14.664,14.664,4.696,4.696
2026-05-14,15:00,60,27.782,27.782,26.825,26.825,0,0
2026-05-14,15:15,61,25.866,25.866,24.975,24.975,0,0
2026-05-14,15:30,62,24.908,24.908,24.05,24.05,0,0
2026-05-14,15:45,63,17.244,17.244,16.65,16.65,0,0
2026-05-14,16:00,64,21.168,21.168,22.932,22.932,0,0
2026-05-14,16:15,65,18.598,18.598,20.147,20.147,0,0
2026-05-14,16:30,66,20.412,20.412,22.113,22.113,0,0
2026-05-14,16:45,67,15.422,15.422,16.708,16.708,0,0
2026-05-14,17:00,68,13.581,13.581,21.519,21.519,0,0
2026-05-14,17:15,69,13.179,13.179,20.881,20.881,0,0
2026-05-14,17:30,70,14.084,14.084,22.316,22.316,0,0
2026-05-14,17:45,71,9.456,9.456,14.984,14.984,0,0
2026-05-14,18:00,72,4.394,4.394,25.35,25.35,-5.928,-5.928
2026-05-14,18:15,73,4.022,4.022,23.205,23.205,-5.426,-5.426
2026-05-14,18:30,74,4.901,4.901,28.275,28.275,-6.612,-6.612
2026-05-14,18:45,75,3.583,3.583,20.67,20.67,-4.834,-4.834
2026-05-14,19:00,76,4.325,4.325,22.9,22.9,-5.7,-5.7
2026-05-14,19:15,77,4.394,4.394,23.266,23.266,-5.791,-5.791
2026-05-14,19:30,78,4.498,4.498,23.816,23.816,-5.928,-5.928
2026-05-14,19:45,79,4.083,4.083,21.618,21.618,-5.381,-5.381
2026-05-14,20:00,80,3.864,3.864,18.96,18.96,-5.424,-5.424
2026-05-14,20:15,81,4.347,4.347,21.33,21.33,-6.102,-6.102
2026-05-14,20:30,82,4.347,4.347,21.33,21.33,-6.102,-6.102
2026-05-14,20:45,83,3.542,3.542,17.38,17.38,-4.972,-4.972
2026-05-14,21:00,84,3.818,3.818,17.135,17.135,0,0
2026-05-14,21:15,85,4.084,4.084,18.327,18.327,0,0
2026-05-14,21:30,86,4.648,4.648,20.86,20.86,0,0
2026-05-14,21:45,87,4.05,4.05,18.178,18.178,0,0
2026-05-14,22:00,88,5.1,5.1,21.3,21.3,0,0
2026-05-14,22:15,89,4.454,4.454,18.602,18.602,0,0
2026-05-14,22:30,90,4.93,4.93,20.59,20.59,0,0
2026-05-14,22:45,91,2.516,2.516,10.508,10.508,0,0
2026-05-14,23:00,92,4.872,4.872,13.659,13.659,0,0
2026-05-14,23:15,93,3.998,3.998,11.21,11.21,0,0
2026-05-14,23:30,94,4.368,4.368,12.246,12.246,0,0
2026-05-14,23:45,95,3.562,3.562,9.985,9.985,0,0
2026-05-15,00:00,0,4.582,4.582,13.688,13.688,0,0
2026-05-15,00:15,1,4.14,4.14,12.366,12.366,0,0
2026-05-15,00:30,2,4.424,4.424,13.216,13.216,0,0
2026-05-15,00:45,3,2.654,2.654,7.93,7.93,0,0
2026-05-15,01:00,4,4.564,4.564,12.628,12.628,0,0
2026-05-15,01:15,5,3.879,3.879,10.734,10.734,0,0
2026-05-15,01:30,6,4.727,4.727,13.079,13.079,0,0
2026-05-15,01:45,7,3.13,3.13,8.659,8.659,0,0
2026-05-15,02:00,8,4.509,4.509,12.069,12.069,0,0
2026-05-15,02:15,9,4.242,4.242,11.354,11.354,0,0
2026-05-15,02:30,10,4.342,4.342,11.622,11.622,0,0
2026-05-15,02:45,11,3.607,3.607,9.655,9.655,0,0
2026-05-15,03:00,12,4.446,4.446,12.09,12.09,0,0
2026-05-15,03:15,13,4.617,4.617,12.555,12.555,0,0
2026-05-15,03:30,14,4.617,4.617,12.555,12.555,0,0
2026-05-15,03:45,15,3.42,3.42,9.3,9.3,0,0
2026-05-15,04:00,16,4.4,4.4,11.55,11.55,0,0
2026-05-15,04:15,17,4.33,4.33,11.365,11.365,0,0
2026-05-15,04:30,18,4.928,4.928,12.936,12.936,0,0
2026-05-15,04:45,19,3.942,3.942,10.349,10.349,0,0
2026-05-15,05:00,20,3.936,3.936,12.384,12.384,0,0
2026-05-15,05:15,21,4.297,4.297,13.519,13.519,0,0
2026-05-15,05:30,22,4.756,4.756,14.964,14.964,0,0
2026-05-15,05:45,23,3.411,3.411,10.733,10.733,0,0
2026-05-15,06:00,24,11.385,11.385,13.8,13.8,0,0
2026-05-15,06:15,25,11.781,11.781,14.28,14.28,0,0
2026-05-15,06:30,26,12.87,12.87,15.6,15.6,0,0
2026-05-15,06:45,27,13.464,13.464,16.32,16.32,0,0
2026-05-15,07:00,28,22.68,22.68,20.4,20.4,0,0
2026-05-15,07:15,29,19.202,19.202,17.272,17.272,0,0
2026-05-15,07:30,30,20.412,20.412,18.36,18.36,0,0
2026-05-15,07:45,31,13.306,13.306,11.968,11.968,0,0
2026-05-15,08:00,32,29.261,29.261,20.416,20.416,0,0
2026-05-15,08:15,33,27.243,27.243,19.008,19.008,0,0
2026-05-15,08:30,34,28.252,28.252,19.712,19.712,0,0
2026-05-15,08:45,35,16.144,16.144,11.264,11.264,0,0
2026-05-15,09:00,36,34.496,34.496,21.896,21.896,0,0
2026-05-15,09:15,37,30.307,30.307,19.237,19.237,0,0
2026-05-15,09:30,38,35.728,35.728,22.678,22.678,0,0
2026-05-15,09:45,39,22.669,22.669,14.389,14.389,0,0
2026-05-15,10:00,40,34.587,34.587,23.058,23.058,0,0
2026-05-15,10:15,41,33.562,33.562,22.375,22.375,0,0
2026-05-15,10:30,42,33.306,33.306,22.204,22.204,0,0
2026-05-15,10:45,43,26.645,26.645,17.763,17.763,0,0
2026-05-15,11:00,44,34.762,34.762,24.466,24.466,4.836,4.836
2026-05-15,11:15,45,31.821,31.821,22.396,22.396,4.427,4.427
2026-05-15,11:30,46,36.099,36.099,25.407,25.407,5.022,5.022
2026-05-15,11:45,47,31.018,31.018,21.831,21.831,4.315,4.315
2026-05-15,12:00,48,34.3,34.3,22.7,22.7,4.875,4.875
2026-05-15,12:15,49,34.849,34.849,23.063,23.063,4.953,4.953
2026-05-15,12:30,50,38.416,38.416,25.424,25.424,5.46,5.46
2026-05-15,12:45,51,29.635,29.635,19.613,19.613,4.212,4.212
2026-05-15,13:00,52,32.064,32.064,22.392,22.392,5.904,5.904
2026-05-15,13:15,53,36.072,36.072,25.191,25.191,6.642,6.642
2026-05-15,13:30,54,38.744,38.744,27.057,27.057,7.134,7.134
2026-05-15,13:45,55,26.72,26.72,18.66,18.66,4.92,4.92
2026-05-15,14:00,56,28.267,28.267,21.574,21.574,6.923,6.923
2026-05-15,14:15,57,30.233,30.233,23.075,23.075,7.405,7.405
2026-05-15,14:30,58,31.954,31.954,24.388,24.388,7.826,7.826
2026-05-15,14:45,59,32.446,32.446,24.763,24.763,7.946,7.946
2026-05-15,15:00,60,28.83,28.83,27.69,27.69,0,0
2026-05-15,15:15,61,25.178,25.178,24.183,24.183,0,0
2026-05-15,15:30,62,25.947,25.947,24.921,24.921,0,0
2026-05-15,15:45,63,16.145,16.145,15.506,15.506,0,0
2026-05-15,16:00,64,21.982,21.982,23.693,23.693,0,0
2026-05-15,16:15,65,18.04,18.04,19.445,19.445,0,0
2026-05-15,16:30,66,21.224,21.224,22.876,22.876,0,0
2026-05-15,16:45,67,14.554,14.554,15.686,15.686,0,0
2026-05-15,17:00,68,14.14,14.14,22.26,22.26,0,0
2026-05-15,17:15,69,12.827,12.827,20.193,20.193,0,0
2026-05-15,17:30,70,14.645,14.645,23.055,23.055,0,0
2026-05-15,17:45,71,8.888,8.888,13.992,13.992,0,0
2026-05-15,18:00,72,4.59,4.59,26.244,26.244,-6.156,-6.156
2026-05-15,18:15,73,4.59,4.59,26.244,26.244,-6.156,-6.156
2026-05-15,18:30,74,4.42,4.42,25.272,25.272,-5.928,-5.928
2026-05-15,18:45,75,3.4,3.4,19.44,19.44,-4.56,-4.56
2026-05-15,19:00,76,4.524,4.524,23.764,23.764,-5.954,-5.954
2026-05-15,19:15,77,4.28,4.28,22.484,22.484,-5.633,-5.633
2026-05-15,19:30,78,4.698,4.698,24.678,24.678,-6.183,-6.183
2026-05-15,19:45,79,3.898,3.898,20.474,20.474,-5.13,-5.13
2026-05-15,20:00,80,4.05,4.05,19.7,19.7,-5.675,-5.675
2026-05-15,20:15,81,4.244,4.244,20.646,20.646,-5.947,-5.947
2026-05-15,20:30,82,4.536,4.536,22.064,22.064,-6.356,-6.356
2026-05-15,20:45,83,3.37,3.37,16.39,16.39,-4.722,-4.722
2026-05-15,21:00,84,3.984,3.984,17.832,17.832,0,0
2026-05-15,21:15,85,3.951,3.951,17.683,17.683,0,0
2026-05-15,21:30,86,4.814,4.814,21.547,21.547,0,0
2026-05-15,21:45,87,3.851,3.851,17.238,17.238,0,0
2026-05-15,22:00,88,3.795,3.795,16.744,16.744,0,0
2026-05-15,22:15,89,4.191,4.191,18.491,18.491,0,0
2026-05-15,22:30,90,4.29,4.29,18.928,18.928,0,0
2026-05-15,22:45,91,4.224,4.224,18.637,18.637,0,0
2026-05-15,23:00,92,5.07,5.07,14.1,14.1,0,0
2026-05-15,23:15,93,4.563,4.563,12.69,12.69,0,0
2026-05-15,23:30,94,4.563,4.563,12.69,12.69,0,0
2026-05-15,23:45,95,2.704,2.704,7.52,7.52,0,0
2026-05-16,00:00,0,4.77,4.77,14.13,14.13,0,0
2026-05-16,00:15,1,4.039,4.039,11.963,11.963,0,0
2026-05-16,00:30,2,4.611,4.611,13.659,13.659,0,0
2026-05-16,00:45,3,2.48,2.48,7.348,7.348,0,0
2026-05-16,01:00,4,4.727,4.727,13.05,13.05,0,0
2026-05-16,01:15,5,4.401,4.401,12.15,12.15,0,0
2026-05-16,01:30,6,4.238,4.238,11.7,11.7,0,0
2026-05-16,01:45,7,2.934,2.934,8.1,8.1,0,0
2026-05-16,02:00,8,4.676,4.676,12.488,12.488,0,0
2026-05-16,02:15,9,4.108,4.108,10.972,10.972,0,0
2026-05-16,02:30,10,4.509,4.509,12.042,12.042,0,0
2026-05-16,02:45,11,3.407,3.407,9.098,9.098,0,0
2026-05-16,03:00,12,4.644,4.644,12.528,12.528,0,0
2026-05-16,03:15,13,4.506,4.506,12.157,12.157,0,0
2026-05-16,03:30,14,4.816,4.816,12.992,12.992,0,0
2026-05-16,03:45,15,3.234,3.234,8.723,8.723,0,0
2026-05-16,04:00,16,4.576,4.576,11.986,11.986,0,0
2026-05-16,04:15,17,4.189,4.189,10.972,10.972,0,0
2026-05-16,04:30,18,5.104,5.104,13.369,13.369,0,0
2026-05-16,04:45,19,3.731,3.731,9.773,9.773,0,0
2026-05-16,05:00,20,3.95,3.95,13.225,13.225,0,0
2026-05-16,05:15,21,4.013,4.013,13.437,13.437,0,0
2026-05-16,05:30,22,4.108,4.108,13.754,13.754,0,0
2026-05-16,05:45,23,3.729,3.729,12.484,12.484,0,0
2026-05-16,06:00,24,11.928,11.928,14.352,14.352,0,0
2026-05-16,06:15,25,13.419,13.419,16.146,16.146,0,0
2026-05-16,06:30,26,13.419,13.419,16.146,16.146,0,0
2026-05-16,06:45,27,10.934,10.934,13.156,13.156,0,0
2026-05-16,07:00,28,17.434,17.434,15.594,15.594,0,0
2026-05-16,07:15,29,18.647,18.647,16.679,16.679,0,0
2026-05-16,07:30,30,21.224,21.224,18.984,18.984,0,0
2026-05-16,07:45,31,18.495,18.495,16.543,16.543,0,0
2026-05-16,08:00,32,30.36,30.36,21.06,21.06,0,0
2026-05-16,08:15,33,26.514,26.514,18.392,18.392,0,0
2026-05-16,08:30,34,29.348,29.348,20.358,20.358,0,0
2026-05-16,08:45,35,14.978,14.978,10.39,10.39,0,0
2026-05-16,09:00,36,35.844,35.844,22.62,22.62,0,0
2026-05-16,09:15,37,29.417,29.417,18.564,18.564,0,0
2026-05-16,09:30,38,32.136,32.136,20.28,20.28,0,0
2026-05-16,09:45,39,26.203,26.203,16.536,16.536,0,0
2026-05-16,10:00,40,35.98,35.98,23.856,23.856,0,0
2026-05-16,10:15,41,32.639,32.639,21.641,21.641,0,0
2026-05-16,10:30,42,34.695,34.695,23.004,23.004,0,0
2026-05-16,10:45,43,25.186,25.186,16.699,16.699,0,0
2026-05-16,11:00,44,36.207,36.207,25.353,25.353,5.022,5.022
2026-05-16,11:15,45,36.207,36.207,25.353,25.353,5.022,5.022
2026-05-16,11:30,46,37.548,37.548,26.292,26.292,5.208,5.208
2026-05-16,11:45,47,24.138,24.138,16.902,16.902,3.348,3.348
2026-05-16,12:00,48,35.802,35.802,23.556,23.556,5.096,5.096
2026-05-16,12:15,49,33.874,33.874,22.288,22.288,4.822,4.822
2026-05-16,12:30,50,39.933,39.933,26.274,26.274,5.684,5.684
2026-05-16,12:45,51,28.091,28.091,18.482,18.482,3.998,3.998
2026-05-16,13:00,52,33.5,33.5,23.275,23.275,6.15,6.15
2026-05-16,13:15,53,35.108,35.108,24.392,24.392,6.445,6.445
2026-05-16,13:30,54,34.84,34.84,24.206,24.206,6.396,6.396
2026-05-16,13:45,55,30.552,30.552,21.227,21.227,5.609,5.609
2026-05-16,14:00,56,29.568,29.568,22.44,22.44,7.248,7.248
2026-05-16,14:15,57,29.322,29.322,22.253,22.253,7.188,7.188
2026-05-16,14:30,58,33.264,33.264,25.245,25.245,8.154,8.154
2026-05-16,14:45,59,31.046,31.046,23.562,23.562,7.61,7.61
2026-05-16,15:00,60,22.172,22.172,21.16,21.16,0,0
2026-05-16,15:15,61,24.486,24.486,23.368,23.368,0,0
2026-05-16,15:30,62,26.992,26.992,25.76,25.76,0,0
2026-05-16,15:45,63,22.75,22.75,21.712,21.712,0,0
2026-05-16,16:00,64,22.02,22.02,25.17,25.17,0,0
2026-05-16,16:15,65,19.818,19.818,22.653,22.653,0,0
2026-05-16,16:30,66,21.286,21.286,24.331,24.331,0,0
2026-05-16,16:45,67,10.276,10.276,11.746,11.746,0,0
2026-05-16,17:00,68,14.703,14.703,22.997,22.997,0,0
2026-05-16,17:15,69,12.472,12.472,19.508,19.508,0,0
2026-05-16,17:30,70,13.182,13.182,20.618,20.618,0,0
2026-05-16,17:45,71,10.343,10.343,16.177,16.177,0,0
2026-05-16,18:00,72,4.76,4.76,27.16,27.16,-6.412,-6.412
2026-05-16,18:15,73,4.454,4.454,25.414,25.414,-6,-6
2026-05-16,18:30,74,4.59,4.59,26.19,26.19,-6.183,-6.183
2026-05-16,18:45,75,3.196,3.196,18.236,18.236,-4.305,-4.305
2026-05-16,19:00,76,4.698,4.698,24.597,24.597,-6.183,-6.183
2026-05-16,19:15,77,4.141,4.141,21.682,21.682,-5.45,-5.45
2026-05-16,19:30,78,4.872,4.872,25.508,25.508,-6.412,-6.412
2026-05-16,19:45,79,3.689,3.689,19.313,19.313,-4.855,-4.855
2026-05-16,20:00,80,4.238,4.238,20.436,20.436,-5.902,-5.902
2026-05-16,20:15,81,4.14,4.14,19.964,19.964,-5.766,-5.766
2026-05-16,20:30,82,4.727,4.727,22.794,22.794,-6.583,-6.583
2026-05-16,20:45,83,3.195,3.195,15.406,15.406,-4.449,-4.449
2026-05-16,21:00,84,4.175,4.175,18.525,18.525,0,0
2026-05-16,21:15,85,4.509,4.509,20.007,20.007,0,0
2026-05-16,21:30,86,4.342,4.342,19.266,19.266,0,0
2026-05-16,21:45,87,3.674,3.674,16.302,16.302,0,0
2026-05-16,22:00,88,3.96,3.96,17.424,17.424,0,0
2026-05-16,22:15,89,4.059,4.059,17.86,17.86,0,0
2026-05-16,22:30,90,4.455,4.455,19.602,19.602,0,0
2026-05-16,22:45,91,4.026,4.026,17.714,17.714,0,0
2026-05-16,23:00,92,3.91,3.91,10.787,10.787,0,0
2026-05-16,23:15,93,4.454,4.454,12.288,12.288,0,0
2026-05-16,23:30,94,4.76,4.76,13.132,13.132,0,0
2026-05-16,23:45,95,3.876,3.876,10.693,10.693,0,0
2026-05-17,00:00,0,3.657,3.657,10.81,10.81,0,0
2026-05-17,00:15,1,3.911,3.911,11.562,11.562,0,0
2026-05-17,00:30,2,4.134,4.134,12.22,12.22,0,0
2026-05-17,00:45,3,4.198,4.198,12.408,12.408,0,0
2026-05-17,01:00,4,4.92,4.92,13.47,13.47,0,0
2026-05-17,01:15,5,4.297,4.297,11.764,11.764,0,0
2026-05-17,01:30,6,4.428,4.428,12.123,12.123,0,0
2026-05-17,01:45,7,2.755,2.755,7.543,7.543,0,0
2026-05-17,02:00,8,4.872,4.872,12.905,12.905,0,0
2026-05-17,02:15,9,3.998,3.998,10.591,10.591,0,0
2026-05-17,02:30,10,4.704,4.704,12.46,12.46,0,0
2026-05-17,02:45,11,3.226,3.226,8.544,8.544,0,0
2026-05-17,03:00,12,4.816,4.816,12.964,12.964,0,0
2026-05-17,03:15,13,4.369,4.369,11.76,11.76,0,0
2026-05-17,03:30,14,4.988,4.988,13.427,13.427,0,0
2026-05-17,03:45,15,3.027,3.027,8.149,8.149,0,0
2026-05-17,04:00,16,4.779,4.779,12.42,12.42,0,0
2026-05-17,04:15,17,4.779,4.779,12.42,12.42,0,0
2026-05-17,04:30,18,4.602,4.602,11.96,11.96,0,0
2026-05-17,04:45,19,3.54,3.54,9.2,9.2,0,0
2026-05-17,05:00,20,4.134,4.134,13.728,13.728,0,0
2026-05-17,05:15,21,3.911,3.911,12.989,12.989,0,0
2026-05-17,05:30,22,4.293,4.293,14.256,14.256,0,0
2026-05-17,05:45,23,3.562,3.562,11.827,11.827,0,0
2026-05-17,06:00,24,12.45,12.45,14.925,14.925,0,0
2026-05-17,06:15,25,13.048,13.048,15.641,15.641,0,0
2026-05-17,06:30,26,13.944,13.944,16.716,16.716,0,0
2026-05-17,06:45,27,10.358,10.358,12.418,12.418,0,0
2026-05-17,07:00,28,18.264,18.264,16.224,16.224,0,0
2026-05-17,07:15,29,18.112,18.112,16.089,16.089,0,0
2026-05-17,07:30,30,22.069,22.069,19.604,19.604,0,0
2026-05-17,07:45,31,17.655,17.655,15.683,15.683,0,0
2026-05-17,08:00,32,23.345,23.345,16.1,16.1,0,0
2026-05-17,08:15,33,25.781,25.781,17.78,17.78,0,0
2026-05-17,08:30,34,26.39,26.39,18.2,18.2,0,0
2026-05-17,08:45,35,25.984,25.984,17.92,17.92,0,0
2026-05-17,09:00,36,37.2,37.2,23.34,23.34,0,0
2026-05-17,09:15,37,33.48,33.48,21.006,21.006,0,0
2026-05-17,09:30,38,33.48,33.48,21.006,21.006,0,0
2026-05-17,09:45,39,19.84,19.84,12.448,12.448,0,0
2026-05-17,10:00,40,36.047,36.047,25.346,25.346,0,0
2026-05-17,10:15,41,30.578,30.578,21.5,21.5,0,0
2026-05-17,10:30,42,34.804,34.804,24.472,24.472,0,0
2026-05-17,10:45,43,22.871,22.871,16.082,16.082,0,0
2026-05-17,11:00,44,37.66,37.66,26.236,26.236,5.236,5.236
2026-05-17,11:15,45,35.239,35.239,24.549,24.549,4.899,4.899
2026-05-17,11:30,46,39.005,39.005,27.173,27.173,5.423,5.423
2026-05-17,11:45,47,22.596,22.596,15.742,15.742,3.142,3.142
2026-05-17,12:00,48,37.287,37.287,24.408,24.408,5.292,5.292
2026-05-17,12:15,49,32.868,32.868,21.515,21.515,4.665,4.665
2026-05-17,12:30,50,35.906,35.906,23.504,23.504,5.096,5.096
2026-05-17,12:45,51,32.039,32.039,20.973,20.973,4.547,4.547
2026-05-17,13:00,52,34.97,34.97,24.154,24.154,6.422,6.422
2026-05-17,13:15,53,34.163,34.163,23.597,23.597,6.274,6.274
2026-05-17,13:30,54,36.315,36.315,25.083,25.083,6.669,6.669
2026-05-17,13:45,55,29.052,29.052,20.066,20.066,5.335,5.335
2026-05-17,14:00,56,30.9,30.9,23.325,23.325,7.575,7.575
2026-05-17,14:15,57,33.372,33.372,25.191,25.191,8.181,8.181
2026-05-17,14:30,58,34.608,34.608,26.124,26.124,8.484,8.484
2026-05-17,14:45,59,24.72,24.72,18.66,18.66,6.06,6.06
2026-05-17,15:00,60,23.208,23.208,22.032,22.032,0,0
2026-05-17,15:15,61,23.788,23.788,22.583,22.583,0,0
2026-05-17,15:30,62,28.043,28.043,26.622,26.622,0,0
2026-05-17,15:45,63,21.661,21.661,20.563,20.563,0,0
2026-05-17,16:00,64,16.928,16.928,19.251,19.251,0,0
2026-05-17,16:15,65,19.283,19.283,21.929,21.929,0,0
2026-05-17,16:30,66,19.136,19.136,21.762,21.762,0,0
2026-05-17,16:45,67,18.253,18.253,20.758,20.758,0,0
2026-05-17,17:00,68,15.24,15.24,23.73,23.73,0,0
2026-05-17,17:15,69,12.09,12.09,18.826,18.826,0,0
2026-05-17,17:30,70,13.716,13.716,21.357,21.357,0,0
2026-05-17,17:45,71,9.754,9.754,15.187,15.187,0,0
2026-05-17,18:00,72,4.959,4.959,28.043,28.043,-6.67,-6.67
2026-05-17,18:15,73,4.343,4.343,24.562,24.562,-5.842,-5.842
2026-05-17,18:30,74,4.788,4.788,27.076,27.076,-6.44,-6.44
2026-05-17,18:45,75,3.01,3.01,17.019,17.019,-4.048,-4.048
2026-05-17,19:00,76,4.9,4.9,25.452,25.452,-6.44,-6.44
2026-05-17,19:15,77,4.725,4.725,24.543,24.543,-6.21,-6.21
2026-05-17,19:30,78,5.075,5.075,26.361,26.361,-6.67,-6.67
2026-05-17,19:45,79,2.8,2.8,14.544,14.544,-3.68,-3.68
2026-05-17,20:00,80,4.401,4.401,21.168,21.168,-6.156,-6.156
2026-05-17,20:15,81,4.01,4.01,19.286,19.286,-5.609,-5.609
2026-05-17,20:30,82,4.238,4.238,20.384,20.384,-5.928,-5.928
2026-05-17,20:45,83,3.651,3.651,17.562,17.562,-5.107,-5.107
2026-05-17,21:00,84,4.186,4.186,19.76,19.76,0,0
2026-05-17,21:15,85,4.218,4.218,19.912,19.912,0,0
2026-05-17,21:30,86,4.347,4.347,20.52,20.52,0,0
2026-05-17,21:45,87,3.349,3.349,15.808,15.808,0,0
2026-05-17,22:00,88,4.15,4.15,18.1,18.1,0,0
2026-05-17,22:15,89,3.951,3.951,17.231,17.231,0,0
2026-05-17,22:30,90,4.648,4.648,20.272,20.272,0,0
2026-05-17,22:45,91,3.851,3.851,16.797,16.797,0,0
2026-05-17,23:00,92,4.08,4.08,11.208,11.208,0,0
2026-05-17,23:15,93,4.318,4.318,11.862,11.862,0,0
2026-05-17,23:30,94,4.93,4.93,13.543,13.543,0,0
2026-05-17,23:45,95,3.672,3.672,10.087,10.087,0,0
2026-05-18,00:00,0,3.84,3.84,11.232,11.232,0,0
2026-05-18,00:15,1,3.808,3.808,11.138,11.138,0,0
2026-05-18,00:30,2,4.32,4.32,12.636,12.636,0,0
2026-05-18,00:45,3,4.032,4.032,11.794,11.794,0,0
2026-05-18,01:00,4,3.772,3.772,10.281,10.281,0,0
2026-05-18,01:15,5,4.166,4.166,11.354,11.354,0,0
2026-05-18,01:30,6,4.592,4.592,12.516,12.516,0,0
2026-05-18,01:45,7,3.87,3.87,10.549,10.549,0,0
2026-05-18,02:00,8,5.04,5.04,13.32,13.32,0,0
2026-05-18,02:15,9,4.536,4.536,11.988,11.988,0,0
2026-05-18,02:30,10,4.872,4.872,12.876,12.876,0,0
2026-05-18,02:45,11,2.352,2.352,6.216,6.216,0,0
2026-05-18,03:00,12,5.017,5.017,13.398,13.398,0,0
2026-05-18,03:15,13,4.256,4.256,11.365,11.365,0,0
2026-05-18,03:30,14,4.498,4.498,12.012,12.012,0,0
2026-05-18,03:45,15,3.529,3.529,9.425,9.425,0,0
2026-05-18,04:00,16,4.788,4.788,13.216,13.216,0,0
2026-05-18,04:15,17,4.48,4.48,12.366,12.366,0,0
2026-05-18,04:30,18,4.617,4.617,12.744,12.744,0,0
2026-05-18,04:45,19,3.215,3.215,8.874,8.874,0,0
2026-05-18,05:00,20,4.293,4.293,14.229,14.229,0,0
2026-05-18,05:15,21,3.784,3.784,12.543,12.543,0,0
2026-05-18,05:30,22,4.452,4.452,14.756,14.756,0,0
2026-05-18,05:45,23,3.371,3.371,11.172,11.172,0,0
2026-05-18,06:00,24,13,13,15.47,15.47,0,0
2026-05-18,06:15,25,12.7,12.7,15.113,15.113,0,0
2026-05-18,06:30,26,14.5,14.5,17.255,17.255,0,0
2026-05-18,06:45,27,9.8,9.8,11.662,11.662,0,0
2026-05-18,07:00,28,19.075,19.075,16.85,16.85,0,0
2026-05-18,07:15,29,20.601,20.601,18.198,18.198,0,0
2026-05-18,07:30,30,19.838,19.838,17.524,17.524,0,0
2026-05-18,07:45,31,16.786,16.786,14.828,14.828,0,0
2026-05-18,08:00,32,24.432,24.432,16.752,16.752,0,0
2026-05-18,08:15,33,25.043,25.043,17.171,17.171,0,0
2026-05-18,08:30,34,27.486,27.486,18.846,18.846,0,0
2026-05-18,08:45,35,24.839,24.839,17.031,17.031,0,0
2026-05-18,09:00,36,28.612,28.612,17.848,17.848,0,0
2026-05-18,09:15,37,32.593,32.593,20.331,20.331,0,0
2026-05-18,09:30,38,34.832,34.832,21.728,21.728,0,0
2026-05-18,09:45,39,28.363,28.363,17.693,17.693,0,0
2026-05-18,10:00,40,37.41,37.41,26.16,26.16,0,0
2026-05-18,10:15,41,29.679,29.679,20.754,20.754,0,0
2026-05-18,10:30,42,36.163,36.163,25.288,25.288,0,0
2026-05-18,10:45,43,21.448,21.448,14.998,14.998,0,0
2026-05-18,11:00,44,39.15,39.15,27.086,27.086,5.423,5.423
2026-05-18,11:15,45,34.29,34.29,23.724,23.724,4.75,4.75
2026-05-18,11:30,46,35.1,35.1,24.284,24.284,4.862,4.862
2026-05-18,11:45,47,26.46,26.46,18.306,18.306,3.665,3.665
2026-05-18,12:00,48,38.808,38.808,25.228,25.228,5.516,5.516
2026-05-18,12:15,49,37.422,37.422,24.327,24.327,5.319,5.319
2026-05-18,12:30,50,37.422,37.422,24.327,24.327,5.319,5.319
2026-05-18,12:45,51,24.948,24.948,16.218,16.218,3.546,3.546
2026-05-18,13:00,52,36.423,36.423,25.002,25.002,6.696,6.696
2026-05-18,13:15,53,33.185,33.185,22.78,22.78,6.101,6.101
2026-05-18,13:30,54,37.772,37.772,25.928,25.928,6.944,6.944
2026-05-18,13:45,55,27.52,27.52,18.89,18.89,5.059,5.059
2026-05-18,14:00,56,32.24,32.24,24.18,24.18,7.878,7.878
2026-05-18,14:15,57,32.488,32.488,24.366,24.366,7.939,7.939
2026-05-18,14:30,58,35.96,35.96,26.97,26.97,8.787,8.787
2026-05-18,14:45,59,23.312,23.312,17.484,17.484,5.696,5.696
2026-05-18,15:00,60,23.375,23.375,23.525,23.525,0,0
2026-05-18,15:15,61,22.253,22.253,22.396,22.396,0,0
2026-05-18,15:30,62,24.31,24.31,24.466,24.466,0,0
2026-05-18,15:45,63,23.562,23.562,23.713,23.713,0,0
2026-05-18,16:00,64,17.736,17.736,20.016,20.016,0,0
2026-05-18,16:15,65,18.771,18.771,21.184,21.184,0,0
2026-05-18,16:30,66,19.953,19.953,22.518,22.518,0,0
2026-05-18,16:45,67,17.44,17.44,19.682,19.682,0,0
2026-05-18,17:00,68,11.73,11.73,18.147,18.147,0,0
2026-05-18,17:15,69,13.77,13.77,21.303,21.303,0,0
2026-05-18,17:30,70,14.28,14.28,22.092,22.092,0,0
2026-05-18,17:45,71,11.22,11.22,17.358,17.358,0,0
2026-05-18,18:00,72,5.13,5.13,28.95,28.95,-6.9,-6.9
2026-05-18,18:15,73,4.207,4.207,23.739,23.739,-5.658,-5.658
2026-05-18,18:30,74,4.959,4.959,27.985,27.985,-6.67,-6.67
2026-05-18,18:45,75,2.804,2.804,15.826,15.826,-3.772,-3.772
2026-05-18,19:00,76,5.104,5.104,26.303,26.303,-6.67,-6.67
2026-05-18,19:15,77,4.611,4.611,23.763,23.763,-6.026,-6.026
2026-05-18,19:30,78,4.576,4.576,23.582,23.582,-5.98,-5.98
2026-05-18,19:45,79,3.309,3.309,17.052,17.052,-4.324,-4.324
2026-05-18,20:00,80,4.592,4.592,21.896,21.896,-6.384,-6.384
2026-05-18,20:15,81,3.903,3.903,18.612,18.612,-5.426,-5.426
2026-05-18,20:30,82,4.428,4.428,21.114,21.114,-6.156,-6.156
2026-05-18,20:45,83,3.477,3.477,16.578,16.578,-4.834,-4.834
2026-05-18,21:00,84,4.374,4.374,20.466,20.466,0,0
2026-05-18,21:15,85,4.115,4.115,19.253,19.253,0,0
2026-05-18,21:30,86,4.536,4.536,21.224,21.224,0,0
2026-05-18,21:45,87,3.175,3.175,14.857,14.857,0,0
2026-05-18,22:00,88,4.316,4.316,18.772,18.772,0,0
2026-05-18,22:15,89,4.482,4.482,19.494,19.494,0,0
2026-05-18,22:30,90,4.814,4.814,20.938,20.938,0,0
2026-05-18,22:45,91,2.988,2.988,12.996,12.996,0,0
2026-05-18,23:00,92,4.275,4.275,11.65,11.65,0,0
2026-05-18,23:15,93,4.207,4.207,11.464,11.464,0,0
2026-05-18,23:30,94,4.446,4.446,12.116,12.116,0,0
2026-05-18,23:45,95,4.172,4.172,11.37,11.37,0,0
2026-05-19,00:00,0,4,4,11.675,11.675,0,0
2026-05-19,00:15,1,4.32,4.32,12.609,12.609,0,0
2026-05-19,00:30,2,4.48,4.48,13.076,13.076,0,0
2026-05-19,00:45,3,3.2,3.2,9.34,9.34,0,0
2026-05-19,01:00,4,3.96,3.96,10.704,10.704,0,0
2026-05-19,01:15,5,4.059,4.059,10.972,10.972,0,0
2026-05-19,01:30,6,4.785,4.785,12.934,12.934,0,0
2026-05-19,01:45,7,3.696,3.696,9.99,9.99,0,0
2026-05-19,02:00,8,3.887,3.887,10.189,10.189,0,0
2026-05-19,02:15,9,4.428,4.428,11.607,11.607,0,0
2026-05-19,02:30,10,4.394,4.394,11.518,11.518,0,0
2026-05-19,02:45,11,4.191,4.191,10.986,10.986,0,0
2026-05-19,03:00,12,5.19,5.19,13.8,13.8,0,0
2026-05-19,03:15,13,4.117,4.117,10.948,10.948,0,0
2026-05-19,03:30,14,4.671,4.671,12.42,12.42,0,0
2026-05-19,03:45,15,3.322,3.322,8.832,8.832,0,0
2026-05-19,04:00,16,4.988,4.988,13.659,13.659,0,0
2026-05-19,04:15,17,4.369,4.369,11.963,11.963,0,0
2026-05-19,04:30,18,4.816,4.816,13.188,13.188,0,0
2026-05-19,04:45,19,3.027,3.027,8.29,8.29,0,0
2026-05-19,05:00,20,4.48,4.48,14.7,14.7,0,0
2026-05-19,05:15,21,4.32,4.32,14.175,14.175,0,0
2026-05-19,05:30,22,4.64,4.64,15.225,15.225,0,0
2026-05-19,05:45,23,2.56,2.56,8.4,8.4,0,0
2026-05-19,06:00,24,13.554,13.554,16.038,16.038,0,0
2026-05-19,06:15,25,12.349,12.349,14.612,14.612,0,0
2026-05-19,06:30,26,13.052,13.052,15.444,15.444,0,0
2026-05-19,06:45,27,11.245,11.245,13.306,13.306,0,0
2026-05-19,07:00,28,19.916,19.916,17.498,17.498,0,0
2026-05-19,07:15,29,20.069,20.069,17.633,17.633,0,0
2026-05-19,07:30,30,20.682,20.682,18.171,18.171,0,0
2026-05-19,07:45,31,15.933,15.933,13.998,13.998,0,0
2026-05-19,08:00,32,25.525,25.525,17.4,17.4,0,0
2026-05-19,08:15,33,24.3,24.3,16.565,16.565,0,0
2026-05-19,08:30,34,28.588,28.588,19.488,19.488,0,0
2026-05-19,08:45,35,23.687,23.687,16.147,16.147,0,0
2026-05-19,09:00,36,28.944,28.944,19.128,19.128,0,0
2026-05-19,09:15,37,30.632,30.632,20.244,20.244,0,0
2026-05-19,09:30,38,34.974,34.974,23.113,23.113,0,0
2026-05-19,09:45,39,26.05,26.05,17.215,17.215,0,0
2026-05-19,10:00,40,28.773,28.773,20.01,20.01,0,0
2026-05-19,10:15,41,33.777,33.777,23.49,23.49,0,0
2026-05-19,10:30,42,32.526,32.526,22.62,22.62,0,0
2026-05-19,10:45,43,30.024,30.024,20.88,20.88,0,0
2026-05-19,11:00,44,40.62,40.62,27.96,27.96,5.64,5.64
2026-05-19,11:15,45,33.308,33.308,22.927,22.927,4.625,4.625
2026-05-19,11:30,46,36.558,36.558,25.164,25.164,5.076,5.076
2026-05-19,11:45,47,24.914,24.914,17.149,17.149,3.459,3.459
2026-05-19,12:00,48,40.31,40.31,26.071,26.071,5.713,5.713
2026-05-19,12:15,49,36.418,36.418,23.554,23.554,5.161,5.161
2026-05-19,12:30,50,38.92,38.92,25.172,25.172,5.516,5.516
2026-05-19,12:45,51,23.352,23.352,15.103,15.103,3.31,3.31
2026-05-19,13:00,52,37.884,37.884,25.872,25.872,6.944,6.944
2026-05-19,13:15,53,32.201,32.201,21.991,21.991,5.902,5.902
2026-05-19,13:30,54,39.237,39.237,26.796,26.796,7.192,7.192
2026-05-19,13:45,55,25.978,25.978,17.741,17.741,4.762,4.762
2026-05-19,14:00,56,33.588,33.588,25.056,25.056,8.208,8.208
2026-05-19,14:15,57,31.598,31.598,23.571,23.571,7.722,7.722
2026-05-19,14:30,58,32.344,32.344,24.128,24.128,7.904,7.904
2026-05-19,14:45,59,26.87,26.87,20.045,20.045,6.566,6.566
2026-05-19,15:00,60,24.388,24.388,24.414,24.414,0,0
2026-05-19,15:15,61,25.326,25.326,25.353,25.353,0,0
2026-05-19,15:30,62,25.326,25.326,25.353,25.353,0,0
2026-05-19,15:45,63,18.76,18.76,18.78,18.78,0,0
2026-05-19,16:00,64,18.525,18.525,20.8,20.8,0,0
2026-05-19,16:15,65,18.229,18.229,20.467,20.467,0,0
2026-05-19,16:30,66,20.748,20.748,23.296,23.296,0,0
2026-05-19,16:45,67,16.598,16.598,18.637,18.637,0,0
2026-05-19,17:00,68,12.288,12.288,18.888,18.888,0,0
2026-05-19,17:15,69,13.414,13.414,20.619,20.619,0,0
2026-05-19,17:30,70,14.848,14.848,22.823,22.823,0,0
2026-05-19,17:45,71,10.65,10.65,16.37,16.37,0,0
2026-05-19,18:00,72,3.956,3.956,22.126,22.126,-5.313,-5.313
2026-05-19,18:15,73,4.094,4.094,22.896,22.896,-5.498,-5.498
2026-05-19,18:30,74,4.472,4.472,25.012,25.012,-6.006,-6.006
2026-05-19,18:45,75,4.678,4.678,26.166,26.166,-6.283,-6.283
2026-05-19,19:00,76,5.28,5.28,27.15,27.15,-6.93,-6.93
2026-05-19,19:15,77,4.47,4.47,22.987,22.987,-5.867,-5.867
2026-05-19,19:30,78,4.752,4.752,24.435,24.435,-6.237,-6.237
2026-05-19,19:45,79,3.098,3.098,15.928,15.928,-4.066,-4.066
2026-05-19,20:00,80,4.582,4.582,23.287,23.287,-6.467,-6.467
2026-05-19,20:15,81,4.266,4.266,21.681,21.681,-6.021,-6.021
2026-05-19,20:30,82,4.424,4.424,22.484,22.484,-6.244,-6.244
2026-05-19,20:45,83,2.528,2.528,12.848,12.848,-3.568,-3.568
2026-05-19,21:00,84,4.564,4.564,21.168,21.168,0,0
2026-05-19,21:15,85,4.01,4.01,18.598,18.598,0,0
2026-05-19,21:30,86,4.727,4.727,21.924,21.924,0,0
2026-05-19,21:45,87,2.999,2.999,13.91,13.91,0,0
2026-05-19,22:00,88,4.509,4.509,19.467,19.467,0,0
2026-05-19,22:15,89,4.375,4.375,18.89,18.89,0,0
2026-05-19,22:30,90,4.342,4.342,18.746,18.746,0,0
2026-05-19,22:45,91,3.474,3.474,14.997,14.997,0,0
2026-05-19,23:00,92,4.446,4.446,12.09,12.09,0,0
2026-05-19,23:15,93,4.07,4.07,11.067,11.067,0,0
2026-05-19,23:30,94,4.617,4.617,12.555,12.555,0,0
2026-05-19,23:45,95,3.967,3.967,10.788,10.788,0,0
2026-05-20,00:00,0,4.186,4.186,12.116,12.116,0,0
2026-05-20,00:15,1,4.218,4.218,12.209,12.209,0,0
2026-05-20,00:30,2,4.669,4.669,13.514,13.514,0,0
2026-05-20,00:45,3,3.027,3.027,8.761,8.761,0,0
2026-05-20,01:00,4,4.125,4.125,11.125,11.125,0,0
2026-05-20,01:15,5,3.927,3.927,10.591,10.591,0,0
2026-05-20,01:30,6,4.29,4.29,11.57,11.57,0,0
2026-05-20,01:45,7,4.158,4.158,11.214,11.214,0,0
2026-05-20,02:00,8,4.08,4.08,10.608,10.608,0,0
2026-05-20,02:15,9,4.318,4.318,11.227,11.227,0,0
2026-05-20,02:30,10,4.59,4.59,11.934,11.934,0,0
2026-05-20,02:45,11,4.012,4.012,10.431,10.431,0,0
2026-05-20,03:00,12,3.864,3.864,10.856,10.856,0,0
2026-05-20,03:15,13,4.536,4.536,12.744,12.744,0,0
2026-05-20,03:30,14,4.704,4.704,13.216,13.216,0,0
2026-05-20,03:45,15,3.696,3.696,10.384,10.384,0,0
2026-05-20,04:00,16,5.16,5.16,14.1,14.1,0,0
2026-05-20,04:15,17,4.231,4.231,11.562,11.562,0,0
2026-05-20,04:30,18,4.988,4.988,13.63,13.63,0,0
2026-05-20,04:45,19,2.821,2.821,7.708,7.708,0,0
2026-05-20,05:00,20,4.64,4.64,15.196,15.196,0,0
2026-05-20,05:15,21,4.192,4.192,13.729,13.729,0,0
2026-05-20,05:30,22,4.16,4.16,13.624,13.624,0,0
2026-05-20,05:45,23,3.008,3.008,9.851,9.851,0,0
2026-05-20,06:00,24,14.084,14.084,16.576,16.576,0,0
2026-05-20,06:15,25,11.971,11.971,14.09,14.09,0,0
2026-05-20,06:30,26,13.581,13.581,15.984,15.984,0,0
2026-05-20,06:45,27,10.664,10.664,12.55,12.55,0,0
2026-05-20,07:00,28,20.736,20.736,18.117,18.117,0,0
2026-05-20,07:15,29,19.507,19.507,17.043,17.043,0,0
2026-05-20,07:30,30,21.504,21.504,18.788,18.788,0,0
2026-05-20,07:45,31,15.053,15.053,13.152,13.152,0,0
2026-05-20,08:00,32,26.65,26.65,18.07,18.07,0,0
2026-05-20,08:15,33,27.675,27.675,18.765,18.765,0,0
2026-05-20,08:30,34,29.725,29.725,20.155,20.155,0,0
2026-05-20,08:45,35,18.45,18.45,12.51,12.51,0,0
2026-05-20,09:00,36,30.25,30.25,19.875,19.875,0,0
2026-05-20,09:15,37,29.766,29.766,19.557,19.557,0,0
2026-05-20,09:30,38,31.46,31.46,20.67,20.67,0,0
2026-05-20,09:45,39,29.524,29.524,19.398,19.398,0,0
2026-05-20,10:00,40,30.144,30.144,20.832,20.832,0,0
2026-05-20,10:15,41,32.907,32.907,22.742,22.742,0,0
2026-05-20,10:30,42,33.912,33.912,23.436,23.436,0,0
2026-05-20,10:45,43,28.637,28.637,19.79,19.79,0,0
2026-05-20,11:00,44,31.257,31.257,21.39,21.39,4.324,4.324
2026-05-20,11:15,45,32.344,32.344,22.134,22.134,4.474,4.474
2026-05-20,11:30,46,38.052,38.052,26.04,26.04,5.264,5.264
2026-05-20,11:45,47,34.247,34.247,23.436,23.436,4.738,4.738
2026-05-20,12:00,48,41.85,41.85,26.88,26.88,5.94,5.94
2026-05-20,12:15,49,35.433,35.433,22.758,22.758,5.029,5.029
2026-05-20,12:30,50,40.455,40.455,25.984,25.984,5.742,5.742
2026-05-20,12:45,51,21.762,21.762,13.978,13.978,3.089,3.089
2026-05-20,13:00,52,39.353,39.353,26.709,26.709,7.221,7.221
2026-05-20,13:15,53,36.639,36.639,24.867,24.867,6.723,6.723
2026-05-20,13:30,54,35.282,35.282,23.946,23.946,6.474,6.474
2026-05-20,13:45,55,24.426,24.426,16.578,16.578,4.482,4.482
2026-05-20,14:00,56,33.768,33.768,26.656,26.656,8.344,8.344
2026-05-20,14:15,57,29.668,29.668,23.419,23.419,7.331,7.331
2026-05-20,14:30,58,32.562,32.562,25.704,25.704,8.046,8.046
2026-05-20,14:45,59,24.602,24.602,19.421,19.421,6.079,6.079
2026-05-20,15:00,60,25.434,25.434,25.299,25.299,0,0
2026-05-20,15:15,61,24.68,24.68,24.549,24.549,0,0
2026-05-20,15:30,62,26.376,26.376,26.236,26.236,0,0
2026-05-20,15:45,63,17.71,17.71,17.616,17.616,0,0
2026-05-20,16:00,64,19.344,19.344,21.58,21.58,0,0
2026-05-20,16:15,65,17.707,17.707,19.754,19.754,0,0
2026-05-20,16:30,66,21.576,21.576,24.07,24.07,0,0
2026-05-20,16:45,67,15.773,15.773,17.596,17.596,0,0
2026-05-20,17:00,68,12.825,12.825,19.625,19.625,0,0
2026-05-20,17:15,69,13.03,13.03,19.939,19.939,0,0
2026-05-20,17:30,70,13.338,13.338,20.41,20.41,0,0
2026-05-20,17:45,71,12.107,12.107,18.526,18.526,0,0
2026-05-20,18:00,72,4.128,4.128,23.04,23.04,-5.544,-5.544
2026-05-20,18:15,73,4.644,4.644,25.92,25.92,-6.237,-6.237
2026-05-20,18:30,74,4.644,4.644,25.92,25.92,-6.237,-6.237
2026-05-20,18:45,75,3.784,3.784,21.12,21.12,-5.082,-5.082
2026-05-20,19:00,76,4.071,4.071,20.746,20.746,-5.313,-5.313
2026-05-20,19:15,77,4.354,4.354,22.189,22.189,-5.683,-5.683
2026-05-20,19:30,78,4.956,4.956,25.256,25.256,-6.468,-6.468
2026-05-20,19:45,79,4.319,4.319,22.009,22.009,-5.636,-5.636
2026-05-20,20:00,80,4.77,4.77,24.03,24.03,-6.72,-6.72
2026-05-20,20:15,81,4.166,4.166,20.986,20.986,-5.869,-5.869
2026-05-20,20:30,82,4.611,4.611,23.229,23.229,-6.496,-6.496
2026-05-20,20:45,83,2.353,2.353,11.855,11.855,-3.315,-3.315
2026-05-20,21:00,84,4.727,4.727,21.866,21.866,0,0
2026-05-20,21:15,85,3.879,3.879,17.945,17.945,0,0
2026-05-20,21:30,86,4.238,4.238,19.604,19.604,0,0
2026-05-20,21:45,87,3.456,3.456,15.985,15.985,0,0
2026-05-20,22:00,88,4.676,4.676,20.132,20.132,0,0
2026-05-20,22:15,89,4.242,4.242,18.263,18.263,0,0
2026-05-20,22:30,90,4.509,4.509,19.413,19.413,0,0
2026-05-20,22:45,91,3.273,3.273,14.092,14.092,0,0
2026-05-20,23:00,92,4.644,4.644,12.528,12.528,0,0
2026-05-20,23:15,93,4.644,4.644,12.528,12.528,0,0
2026-05-20,23:30,94,4.816,4.816,12.992,12.992,0,0
2026-05-20,23:45,95,3.096,3.096,8.352,8.352,0,0
